model,epoch,total_epoch,unix_time,iso_time
hyperdeeponet,132,50000,1788090972,2026-08-30T20:56:12+09:00
hyperdeeponet,279,50000,1788091002,2026-08-30T20:56:42+09:00
hyperdeeponet,427,50000,1788091032,2026-08-30T20:57:12+09:00
hyperdeeponet,575,50000,1788091062,2026-08-30T20:57:42+09:00
hyperdeeponet,725,50000,1788091092,2026-08-30T20:58:12+09:00
hyperdeeponet,875,50000,1788091122,2026-08-30T20:58:42+09:00
hyperdeeponet,1026,50000,1788091152,2026-08-30T20:59:12+09:00
hyperdeeponet,1178,50000,1788091182,2026-08-30T20:59:42+09:00
hyperdeeponet,1331,50000,1788091212,2026-08-30T21:00:12+09:00
hyperdeeponet,1485,50000,1788091242,2026-08-30T21:00:42+09:00
hyperdeeponet,1640,50000,1788091272,2026-08-30T21:01:12+09:00
hyperdeeponet,1793,50000,1788091302,2026-08-30T21:01:42+09:00
hyperdeeponet,1946,50000,1788091332,2026-08-30T21:02:12+09:00
hyperdeeponet,2099,50000,1788091362,2026-08-30T21:02:42+09:00
hyperdeeponet,2253,50000,1788091392,2026-08-30T21:03:12+09:00
hyperdeeponet,2406,50000,1788091422,2026-08-30T21:03:42+09:00
hyperdeeponet,2555,50000,1788091452,2026-08-30T21:04:12+09:00
hyperdeeponet,2706,50000,1788091482,2026-08-30T21:04:42+09:00
hyperdeeponet,2857,50000,1788091512,2026-08-30T21:05:12+09:00
hyperdeeponet,3007,50000,1788091542,2026-08-30T21:05:42+09:00
hyperdeeponet,3162,50000,1788091572,2026-08-30T21:06:12+09:00
hyperdeeponet,3317,50000,1788091603,2026-08-30T21:06:43+09:00
hyperdeeponet,3468,50000,1788091633,2026-08-30T21:07:13+09:00
hyperdeeponet,3621,50000,1788091663,2026-08-30T21:07:43+09:00
hyperdeeponet,3768,50000,1788091693,2026-08-30T21:08:13+09:00
hyperdeeponet,3917,50000,1788091723,2026-08-30T21:08:43+09:00
hyperdeeponet,4069,50000,1788091753,2026-08-30T21:09:13+09:00
hyperdeeponet,4220,50000,1788091783,2026-08-30T21:09:43+09:00
hyperdeeponet,4375,50000,1788091813,2026-08-30T21:10:13+09:00
hyperdeeponet,4526,50000,1788091843,2026-08-30T21:10:43+09:00
hyperdeeponet,4678,50000,1788091873,2026-08-30T21:11:13+09:00
hyperdeeponet,4830,50000,1788091903,2026-08-30T21:11:43+09:00
hyperdeeponet,4981,50000,1788091933,2026-08-30T21:12:13+09:00
hyperdeeponet,5137,50000,1788091963,2026-08-30T21:12:43+09:00
hyperdeeponet,5292,50000,1788091993,2026-08-30T21:13:13+09:00
hyperdeeponet,5446,50000,1788092023,2026-08-30T21:13:43+09:00
hyperdeeponet,5602,50000,1788092053,2026-08-30T21:14:13+09:00
hyperdeeponet,5759,50000,1788092083,2026-08-30T21:14:43+09:00
hyperdeeponet,5914,50000,1788092114,2026-08-30T21:15:14+09:00
hyperdeeponet,6068,50000,1788092144,2026-08-30T21:15:44+09:00
hyperdeeponet,6217,50000,1788092174,2026-08-30T21:16:14+09:00
hyperdeeponet,6367,50000,1788092204,2026-08-30T21:16:44+09:00
hyperdeeponet,6519,50000,1788092234,2026-08-30T21:17:14+09:00
hyperdeeponet,6666,50000,1788092264,2026-08-30T21:17:44+09:00
hyperdeeponet,6816,50000,1788092294,2026-08-30T21:18:14+09:00
hyperdeeponet,6966,50000,1788092324,2026-08-30T21:18:44+09:00
hyperdeeponet,7117,50000,1788092354,2026-08-30T21:19:14+09:00
hyperdeeponet,7262,50000,1788092384,2026-08-30T21:19:44+09:00
hyperdeeponet,7410,50000,1788092414,2026-08-30T21:20:14+09:00
hyperdeeponet,7560,50000,1788092445,2026-08-30T21:20:45+09:00
hyperdeeponet,7709,50000,1788092475,2026-08-30T21:21:15+09:00
hyperdeeponet,7856,50000,1788092505,2026-08-30T21:21:45+09:00
hyperdeeponet,8007,50000,1788092535,2026-08-30T21:22:15+09:00
hyperdeeponet,8158,50000,1788092565,2026-08-30T21:22:45+09:00
hyperdeeponet,8308,50000,1788092595,2026-08-30T21:23:15+09:00
hyperdeeponet,8458,50000,1788092625,2026-08-30T21:23:45+09:00
hyperdeeponet,8609,50000,1788092655,2026-08-30T21:24:15+09:00
hyperdeeponet,8761,50000,1788092685,2026-08-30T21:24:45+09:00
hyperdeeponet,8910,50000,1788092716,2026-08-30T21:25:16+09:00
hyperdeeponet,9060,50000,1788092746,2026-08-30T21:25:46+09:00
hyperdeeponet,9207,50000,1788092776,2026-08-30T21:26:16+09:00
hyperdeeponet,9356,50000,1788092806,2026-08-30T21:26:46+09:00
hyperdeeponet,9506,50000,1788092836,2026-08-30T21:27:16+09:00
hyperdeeponet,9655,50000,1788092866,2026-08-30T21:27:46+09:00
hyperdeeponet,9803,50000,1788092897,2026-08-30T21:28:17+09:00
hyperdeeponet,9952,50000,1788092927,2026-08-30T21:28:47+09:00
hyperdeeponet,10100,50000,1788092957,2026-08-30T21:29:17+09:00
hyperdeeponet,10249,50000,1788092987,2026-08-30T21:29:47+09:00
hyperdeeponet,10394,50000,1788093017,2026-08-30T21:30:17+09:00
hyperdeeponet,10540,50000,1788093047,2026-08-30T21:30:47+09:00
hyperdeeponet,10686,50000,1788093077,2026-08-30T21:31:17+09:00
hyperdeeponet,10831,50000,1788093107,2026-08-30T21:31:47+09:00
hyperdeeponet,10976,50000,1788093138,2026-08-30T21:32:18+09:00
hyperdeeponet,11125,50000,1788093168,2026-08-30T21:32:48+09:00
hyperdeeponet,11272,50000,1788093198,2026-08-30T21:33:18+09:00
hyperdeeponet,11417,50000,1788093228,2026-08-30T21:33:48+09:00
hyperdeeponet,11565,50000,1788093258,2026-08-30T21:34:18+09:00
hyperdeeponet,11713,50000,1788093288,2026-08-30T21:34:48+09:00
hyperdeeponet,11862,50000,1788093318,2026-08-30T21:35:18+09:00
hyperdeeponet,12008,50000,1788093349,2026-08-30T21:35:49+09:00
hyperdeeponet,12157,50000,1788093379,2026-08-30T21:36:19+09:00
hyperdeeponet,12307,50000,1788093409,2026-08-30T21:36:49+09:00
hyperdeeponet,12455,50000,1788093439,2026-08-30T21:37:19+09:00
hyperdeeponet,12603,50000,1788093469,2026-08-30T21:37:49+09:00
hyperdeeponet,12752,50000,1788093499,2026-08-30T21:38:19+09:00
hyperdeeponet,12902,50000,1788093530,2026-08-30T21:38:50+09:00
hyperdeeponet,13052,50000,1788093560,2026-08-30T21:39:20+09:00
hyperdeeponet,13202,50000,1788093590,2026-08-30T21:39:50+09:00
hyperdeeponet,13350,50000,1788093620,2026-08-30T21:40:20+09:00
hyperdeeponet,13499,50000,1788093650,2026-08-30T21:40:50+09:00
hyperdeeponet,13651,50000,1788093680,2026-08-30T21:41:20+09:00
hyperdeeponet,13800,50000,1788093711,2026-08-30T21:41:51+09:00
hyperdeeponet,13948,50000,1788093741,2026-08-30T21:42:21+09:00
hyperdeeponet,14099,50000,1788093771,2026-08-30T21:42:51+09:00
hyperdeeponet,14259,50000,1788093801,2026-08-30T21:43:21+09:00
hyperdeeponet,14413,50000,1788093831,2026-08-30T21:43:51+09:00
hyperdeeponet,14569,50000,1788093861,2026-08-30T21:44:21+09:00
hyperdeeponet,14724,50000,1788093892,2026-08-30T21:44:52+09:00
hyperdeeponet,14882,50000,1788093922,2026-08-30T21:45:22+09:00
hyperdeeponet,15036,50000,1788093952,2026-08-30T21:45:52+09:00
hyperdeeponet,15190,50000,1788093982,2026-08-30T21:46:22+09:00
hyperdeeponet,15341,50000,1788094012,2026-08-30T21:46:52+09:00
hyperdeeponet,15493,50000,1788094043,2026-08-30T21:47:23+09:00
hyperdeeponet,15650,50000,1788094073,2026-08-30T21:47:53+09:00
hyperdeeponet,15805,50000,1788094103,2026-08-30T21:48:23+09:00
hyperdeeponet,15957,50000,1788094133,2026-08-30T21:48:53+09:00
hyperdeeponet,16106,50000,1788094163,2026-08-30T21:49:23+09:00
hyperdeeponet,16253,50000,1788094194,2026-08-30T21:49:54+09:00
hyperdeeponet,16399,50000,1788094224,2026-08-30T21:50:24+09:00
hyperdeeponet,16547,50000,1788094254,2026-08-30T21:50:54+09:00
hyperdeeponet,16694,50000,1788094284,2026-08-30T21:51:24+09:00
hyperdeeponet,16841,50000,1788094314,2026-08-30T21:51:54+09:00
hyperdeeponet,16990,50000,1788094345,2026-08-30T21:52:25+09:00
hyperdeeponet,17146,50000,1788094375,2026-08-30T21:52:55+09:00
hyperdeeponet,17304,50000,1788094405,2026-08-30T21:53:25+09:00
hyperdeeponet,17462,50000,1788094435,2026-08-30T21:53:55+09:00
hyperdeeponet,17619,50000,1788094465,2026-08-30T21:54:25+09:00
hyperdeeponet,17774,50000,1788094496,2026-08-30T21:54:56+09:00
hyperdeeponet,17930,50000,1788094526,2026-08-30T21:55:26+09:00
hyperdeeponet,18084,50000,1788094556,2026-08-30T21:55:56+09:00
hyperdeeponet,18237,50000,1788094586,2026-08-30T21:56:26+09:00
hyperdeeponet,18390,50000,1788094617,2026-08-30T21:56:57+09:00
hyperdeeponet,18542,50000,1788094647,2026-08-30T21:57:27+09:00
hyperdeeponet,18695,50000,1788094677,2026-08-30T21:57:57+09:00
hyperdeeponet,18848,50000,1788094707,2026-08-30T21:58:27+09:00
hyperdeeponet,19005,50000,1788094738,2026-08-30T21:58:58+09:00
hyperdeeponet,19164,50000,1788094768,2026-08-30T21:59:28+09:00
hyperdeeponet,19318,50000,1788094798,2026-08-30T21:59:58+09:00
hyperdeeponet,19474,50000,1788094828,2026-08-30T22:00:28+09:00
hyperdeeponet,19630,50000,1788094859,2026-08-30T22:00:59+09:00
hyperdeeponet,19787,50000,1788094889,2026-08-30T22:01:29+09:00
hyperdeeponet,19944,50000,1788094919,2026-08-30T22:01:59+09:00
hyperdeeponet,20097,50000,1788094949,2026-08-30T22:02:29+09:00
hyperdeeponet,20247,50000,1788094980,2026-08-30T22:03:00+09:00
hyperdeeponet,20396,50000,1788095010,2026-08-30T22:03:30+09:00
hyperdeeponet,20543,50000,1788095040,2026-08-30T22:04:00+09:00
hyperdeeponet,20695,50000,1788095070,2026-08-30T22:04:30+09:00
hyperdeeponet,20847,50000,1788095101,2026-08-30T22:05:01+09:00
hyperdeeponet,20996,50000,1788095131,2026-08-30T22:05:31+09:00
hyperdeeponet,21143,50000,1788095161,2026-08-30T22:06:01+09:00
hyperdeeponet,21292,50000,1788095191,2026-08-30T22:06:31+09:00
hyperdeeponet,21437,50000,1788095222,2026-08-30T22:07:02+09:00
hyperdeeponet,21586,50000,1788095252,2026-08-30T22:07:32+09:00
hyperdeeponet,21736,50000,1788095282,2026-08-30T22:08:02+09:00
hyperdeeponet,21884,50000,1788095313,2026-08-30T22:08:33+09:00
hyperdeeponet,22031,50000,1788095343,2026-08-30T22:09:03+09:00
hyperdeeponet,22182,50000,1788095373,2026-08-30T22:09:33+09:00
hyperdeeponet,22334,50000,1788095403,2026-08-30T22:10:03+09:00
hyperdeeponet,22483,50000,1788095434,2026-08-30T22:10:34+09:00
hyperdeeponet,22635,50000,1788095464,2026-08-30T22:11:04+09:00
hyperdeeponet,22785,50000,1788095494,2026-08-30T22:11:34+09:00
hyperdeeponet,22937,50000,1788095525,2026-08-30T22:12:05+09:00
hyperdeeponet,23092,50000,1788095555,2026-08-30T22:12:35+09:00
hyperdeeponet,23243,50000,1788095585,2026-08-30T22:13:05+09:00
hyperdeeponet,23393,50000,1788095616,2026-08-30T22:13:36+09:00
hyperdeeponet,23545,50000,1788095646,2026-08-30T22:14:06+09:00
hyperdeeponet,23699,50000,1788095676,2026-08-30T22:14:36+09:00
hyperdeeponet,23849,50000,1788095706,2026-08-30T22:15:06+09:00
hyperdeeponet,24000,50000,1788095737,2026-08-30T22:15:37+09:00
hyperdeeponet,24156,50000,1788095767,2026-08-30T22:16:07+09:00
hyperdeeponet,24306,50000,1788095797,2026-08-30T22:16:37+09:00
hyperdeeponet,24457,50000,1788095828,2026-08-30T22:17:08+09:00
hyperdeeponet,24609,50000,1788095858,2026-08-30T22:17:38+09:00
hyperdeeponet,24764,50000,1788095888,2026-08-30T22:18:08+09:00
hyperdeeponet,24917,50000,1788095919,2026-08-30T22:18:39+09:00
hyperdeeponet,25068,50000,1788095949,2026-08-30T22:19:09+09:00
hyperdeeponet,25217,50000,1788095979,2026-08-30T22:19:39+09:00
hyperdeeponet,25373,50000,1788096009,2026-08-30T22:20:09+09:00
hyperdeeponet,25530,50000,1788096040,2026-08-30T22:20:40+09:00
hyperdeeponet,25684,50000,1788096070,2026-08-30T22:21:10+09:00
hyperdeeponet,25837,50000,1788096100,2026-08-30T22:21:40+09:00
hyperdeeponet,25992,50000,1788096131,2026-08-30T22:22:11+09:00
hyperdeeponet,26148,50000,1788096161,2026-08-30T22:22:41+09:00
hyperdeeponet,26301,50000,1788096191,2026-08-30T22:23:11+09:00
hyperdeeponet,26457,50000,1788096222,2026-08-30T22:23:42+09:00
hyperdeeponet,26612,50000,1788096252,2026-08-30T22:24:12+09:00
hyperdeeponet,26768,50000,1788096282,2026-08-30T22:24:42+09:00
hyperdeeponet,26925,50000,1788096313,2026-08-30T22:25:13+09:00
hyperdeeponet,27079,50000,1788096343,2026-08-30T22:25:43+09:00
hyperdeeponet,27233,50000,1788096373,2026-08-30T22:26:13+09:00
hyperdeeponet,27387,50000,1788096404,2026-08-30T22:26:44+09:00
hyperdeeponet,27542,50000,1788096434,2026-08-30T22:27:14+09:00
hyperdeeponet,27697,50000,1788096464,2026-08-30T22:27:44+09:00
hyperdeeponet,27852,50000,1788096495,2026-08-30T22:28:15+09:00
hyperdeeponet,28008,50000,1788096525,2026-08-30T22:28:45+09:00
hyperdeeponet,28163,50000,1788096555,2026-08-30T22:29:15+09:00
hyperdeeponet,28318,50000,1788096586,2026-08-30T22:29:46+09:00
hyperdeeponet,28472,50000,1788096616,2026-08-30T22:30:16+09:00
hyperdeeponet,28625,50000,1788096646,2026-08-30T22:30:46+09:00
hyperdeeponet,28778,50000,1788096677,2026-08-30T22:31:17+09:00
hyperdeeponet,28932,50000,1788096707,2026-08-30T22:31:47+09:00
hyperdeeponet,29086,50000,1788096738,2026-08-30T22:32:18+09:00
hyperdeeponet,29241,50000,1788096768,2026-08-30T22:32:48+09:00
hyperdeeponet,29397,50000,1788096798,2026-08-30T22:33:18+09:00
hyperdeeponet,29552,50000,1788096829,2026-08-30T22:33:49+09:00
hyperdeeponet,29708,50000,1788096859,2026-08-30T22:34:19+09:00
hyperdeeponet,29864,50000,1788096889,2026-08-30T22:34:49+09:00
hyperdeeponet,30019,50000,1788096920,2026-08-30T22:35:20+09:00
hyperdeeponet,30176,50000,1788096950,2026-08-30T22:35:50+09:00
hyperdeeponet,30333,50000,1788096980,2026-08-30T22:36:20+09:00
hyperdeeponet,30487,50000,1788097011,2026-08-30T22:36:51+09:00
hyperdeeponet,30646,50000,1788097041,2026-08-30T22:37:21+09:00
hyperdeeponet,30803,50000,1788097072,2026-08-30T22:37:52+09:00
hyperdeeponet,30958,50000,1788097102,2026-08-30T22:38:22+09:00
hyperdeeponet,31117,50000,1788097132,2026-08-30T22:38:52+09:00
hyperdeeponet,31278,50000,1788097163,2026-08-30T22:39:23+09:00
hyperdeeponet,31439,50000,1788097193,2026-08-30T22:39:53+09:00
hyperdeeponet,31601,50000,1788097224,2026-08-30T22:40:24+09:00
hyperdeeponet,31762,50000,1788097254,2026-08-30T22:40:54+09:00
hyperdeeponet,31924,50000,1788097284,2026-08-30T22:41:24+09:00
hyperdeeponet,32082,50000,1788097315,2026-08-30T22:41:55+09:00
hyperdeeponet,32238,50000,1788097345,2026-08-30T22:42:25+09:00
hyperdeeponet,32393,50000,1788097376,2026-08-30T22:42:56+09:00
hyperdeeponet,32548,50000,1788097406,2026-08-30T22:43:26+09:00
hyperdeeponet,32704,50000,1788097436,2026-08-30T22:43:56+09:00
hyperdeeponet,32860,50000,1788097467,2026-08-30T22:44:27+09:00
hyperdeeponet,33015,50000,1788097497,2026-08-30T22:44:57+09:00
hyperdeeponet,33175,50000,1788097528,2026-08-30T22:45:28+09:00
hyperdeeponet,33335,50000,1788097558,2026-08-30T22:45:58+09:00
hyperdeeponet,33494,50000,1788097588,2026-08-30T22:46:28+09:00
hyperdeeponet,33654,50000,1788097619,2026-08-30T22:46:59+09:00
hyperdeeponet,33816,50000,1788097649,2026-08-30T22:47:29+09:00
hyperdeeponet,33976,50000,1788097680,2026-08-30T22:48:00+09:00
hyperdeeponet,34136,50000,1788097710,2026-08-30T22:48:30+09:00
hyperdeeponet,34297,50000,1788097741,2026-08-30T22:49:01+09:00
hyperdeeponet,34456,50000,1788097771,2026-08-30T22:49:31+09:00
hyperdeeponet,34614,50000,1788097801,2026-08-30T22:50:01+09:00
hyperdeeponet,34774,50000,1788097832,2026-08-30T22:50:32+09:00
hyperdeeponet,34932,50000,1788097862,2026-08-30T22:51:02+09:00
hyperdeeponet,35089,50000,1788097893,2026-08-30T22:51:33+09:00
hyperdeeponet,35245,50000,1788097923,2026-08-30T22:52:03+09:00
hyperdeeponet,35402,50000,1788097954,2026-08-30T22:52:34+09:00
hyperdeeponet,35559,50000,1788097984,2026-08-30T22:53:04+09:00
hyperdeeponet,35716,50000,1788098015,2026-08-30T22:53:35+09:00
hyperdeeponet,35874,50000,1788098045,2026-08-30T22:54:05+09:00
hyperdeeponet,36030,50000,1788098076,2026-08-30T22:54:36+09:00
hyperdeeponet,36192,50000,1788098106,2026-08-30T22:55:06+09:00
hyperdeeponet,36351,50000,1788098136,2026-08-30T22:55:36+09:00
hyperdeeponet,36507,50000,1788098167,2026-08-30T22:56:07+09:00
hyperdeeponet,36666,50000,1788098197,2026-08-30T22:56:37+09:00
hyperdeeponet,36821,50000,1788098228,2026-08-30T22:57:08+09:00
hyperdeeponet,36977,50000,1788098258,2026-08-30T22:57:38+09:00
hyperdeeponet,37134,50000,1788098289,2026-08-30T22:58:09+09:00
hyperdeeponet,37292,50000,1788098319,2026-08-30T22:58:39+09:00
hyperdeeponet,37449,50000,1788098350,2026-08-30T22:59:10+09:00
hyperdeeponet,37606,50000,1788098380,2026-08-30T22:59:40+09:00
hyperdeeponet,37763,50000,1788098411,2026-08-30T23:00:11+09:00
hyperdeeponet,37921,50000,1788098441,2026-08-30T23:00:41+09:00
hyperdeeponet,38079,50000,1788098472,2026-08-30T23:01:12+09:00
hyperdeeponet,38237,50000,1788098502,2026-08-30T23:01:42+09:00
hyperdeeponet,38394,50000,1788098533,2026-08-30T23:02:13+09:00
hyperdeeponet,38552,50000,1788098563,2026-08-30T23:02:43+09:00
hyperdeeponet,38710,50000,1788098594,2026-08-30T23:03:14+09:00
hyperdeeponet,38868,50000,1788098624,2026-08-30T23:03:44+09:00
hyperdeeponet,39027,50000,1788098655,2026-08-30T23:04:15+09:00
hyperdeeponet,39184,50000,1788098685,2026-08-30T23:04:45+09:00
hyperdeeponet,39340,50000,1788098716,2026-08-30T23:05:16+09:00
hyperdeeponet,39497,50000,1788098746,2026-08-30T23:05:46+09:00
hyperdeeponet,39655,50000,1788098777,2026-08-30T23:06:17+09:00
hyperdeeponet,39813,50000,1788098807,2026-08-30T23:06:47+09:00
hyperdeeponet,39969,50000,1788098838,2026-08-30T23:07:18+09:00
hyperdeeponet,40126,50000,1788098868,2026-08-30T23:07:48+09:00
hyperdeeponet,40282,50000,1788098899,2026-08-30T23:08:19+09:00
hyperdeeponet,40439,50000,1788098929,2026-08-30T23:08:49+09:00
hyperdeeponet,40595,50000,1788098960,2026-08-30T23:09:20+09:00
hyperdeeponet,40753,50000,1788098990,2026-08-30T23:09:50+09:00
hyperdeeponet,40912,50000,1788099021,2026-08-30T23:10:21+09:00
hyperdeeponet,41069,50000,1788099052,2026-08-30T23:10:52+09:00
hyperdeeponet,41224,50000,1788099082,2026-08-30T23:11:22+09:00
hyperdeeponet,41379,50000,1788099113,2026-08-30T23:11:53+09:00
hyperdeeponet,41537,50000,1788099143,2026-08-30T23:12:23+09:00
hyperdeeponet,41693,50000,1788099174,2026-08-30T23:12:54+09:00
hyperdeeponet,41850,50000,1788099204,2026-08-30T23:13:24+09:00
hyperdeeponet,42007,50000,1788099235,2026-08-30T23:13:55+09:00
hyperdeeponet,42164,50000,1788099265,2026-08-30T23:14:25+09:00
hyperdeeponet,42320,50000,1788099296,2026-08-30T23:14:56+09:00
hyperdeeponet,42478,50000,1788099326,2026-08-30T23:15:26+09:00
hyperdeeponet,42635,50000,1788099357,2026-08-30T23:15:57+09:00
hyperdeeponet,42790,50000,1788099388,2026-08-30T23:16:28+09:00
hyperdeeponet,42947,50000,1788099418,2026-08-30T23:16:58+09:00
hyperdeeponet,43103,50000,1788099449,2026-08-30T23:17:29+09:00
hyperdeeponet,43260,50000,1788099479,2026-08-30T23:17:59+09:00
hyperdeeponet,43415,50000,1788099510,2026-08-30T23:18:30+09:00
hyperdeeponet,43572,50000,1788099540,2026-08-30T23:19:00+09:00
hyperdeeponet,43730,50000,1788099571,2026-08-30T23:19:31+09:00
hyperdeeponet,43886,50000,1788099602,2026-08-30T23:20:02+09:00
hyperdeeponet,44042,50000,1788099632,2026-08-30T23:20:32+09:00
hyperdeeponet,44199,50000,1788099663,2026-08-30T23:21:03+09:00
hyperdeeponet,44357,50000,1788099693,2026-08-30T23:21:33+09:00
hyperdeeponet,44514,50000,1788099724,2026-08-30T23:22:04+09:00
hyperdeeponet,44672,50000,1788099754,2026-08-30T23:22:34+09:00
hyperdeeponet,44829,50000,1788099785,2026-08-30T23:23:05+09:00
hyperdeeponet,44987,50000,1788099816,2026-08-30T23:23:36+09:00
hyperdeeponet,45143,50000,1788099846,2026-08-30T23:24:06+09:00
hyperdeeponet,45298,50000,1788099877,2026-08-30T23:24:37+09:00
hyperdeeponet,45453,50000,1788099908,2026-08-30T23:25:08+09:00
hyperdeeponet,45610,50000,1788099938,2026-08-30T23:25:38+09:00
hyperdeeponet,45767,50000,1788099969,2026-08-30T23:26:09+09:00
hyperdeeponet,45923,50000,1788099999,2026-08-30T23:26:39+09:00
hyperdeeponet,46079,50000,1788100030,2026-08-30T23:27:10+09:00
hyperdeeponet,46235,50000,1788100061,2026-08-30T23:27:41+09:00
hyperdeeponet,46390,50000,1788100091,2026-08-30T23:28:11+09:00
hyperdeeponet,46545,50000,1788100122,2026-08-30T23:28:42+09:00
hyperdeeponet,46700,50000,1788100152,2026-08-30T23:29:12+09:00
hyperdeeponet,46855,50000,1788100183,2026-08-30T23:29:43+09:00
hyperdeeponet,47010,50000,1788100214,2026-08-30T23:30:14+09:00
hyperdeeponet,47165,50000,1788100244,2026-08-30T23:30:44+09:00
hyperdeeponet,47319,50000,1788100275,2026-08-30T23:31:15+09:00
hyperdeeponet,47473,50000,1788100306,2026-08-30T23:31:46+09:00
hyperdeeponet,47629,50000,1788100336,2026-08-30T23:32:16+09:00
hyperdeeponet,47784,50000,1788100367,2026-08-30T23:32:47+09:00
hyperdeeponet,47940,50000,1788100398,2026-08-30T23:33:18+09:00
hyperdeeponet,48097,50000,1788100428,2026-08-30T23:33:48+09:00
hyperdeeponet,48255,50000,1788100459,2026-08-30T23:34:19+09:00
hyperdeeponet,48415,50000,1788100490,2026-08-30T23:34:50+09:00
hyperdeeponet,48573,50000,1788100520,2026-08-30T23:35:20+09:00
hyperdeeponet,48730,50000,1788100551,2026-08-30T23:35:51+09:00
hyperdeeponet,48888,50000,1788100581,2026-08-30T23:36:21+09:00
hyperdeeponet,49048,50000,1788100612,2026-08-30T23:36:52+09:00
hyperdeeponet,49206,50000,1788100643,2026-08-30T23:37:23+09:00
hyperdeeponet,49366,50000,1788100673,2026-08-30T23:37:53+09:00
hyperdeeponet,49524,50000,1788100704,2026-08-30T23:38:24+09:00
hyperdeeponet,49684,50000,1788100735,2026-08-30T23:38:55+09:00
hyperdeeponet,49840,50000,1788100765,2026-08-30T23:39:25+09:00
hyperdeeponet,49998,50000,1788100796,2026-08-30T23:39:56+09:00
hyperdeeponet,50000,50000,1788100827,2026-08-30T23:40:27+09:00
hyper_mscale_deeponet,27,50000,1788100827,2026-08-30T23:40:27+09:00
hyper_mscale_deeponet,60,50000,1788100857,2026-08-30T23:40:57+09:00
hyper_mscale_deeponet,92,50000,1788100888,2026-08-30T23:41:28+09:00
hyper_mscale_deeponet,124,50000,1788100919,2026-08-30T23:41:59+09:00
hyper_mscale_deeponet,157,50000,1788100949,2026-08-30T23:42:29+09:00
hyper_mscale_deeponet,189,50000,1788100980,2026-08-30T23:43:00+09:00
hyper_mscale_deeponet,222,50000,1788101011,2026-08-30T23:43:31+09:00
hyper_mscale_deeponet,254,50000,1788101041,2026-08-30T23:44:01+09:00
hyper_mscale_deeponet,287,50000,1788101072,2026-08-30T23:44:32+09:00
hyper_mscale_deeponet,319,50000,1788101103,2026-08-30T23:45:03+09:00
hyper_mscale_deeponet,352,50000,1788101133,2026-08-30T23:45:33+09:00
hyper_mscale_deeponet,384,50000,1788101164,2026-08-30T23:46:04+09:00
hyper_mscale_deeponet,417,50000,1788101195,2026-08-30T23:46:35+09:00
hyper_mscale_deeponet,449,50000,1788101225,2026-08-30T23:47:05+09:00
hyper_mscale_deeponet,482,50000,1788101256,2026-08-30T23:47:36+09:00
hyper_mscale_deeponet,514,50000,1788101287,2026-08-30T23:48:07+09:00
hyper_mscale_deeponet,547,50000,1788101317,2026-08-30T23:48:37+09:00
hyper_mscale_deeponet,579,50000,1788101348,2026-08-30T23:49:08+09:00
hyper_mscale_deeponet,612,50000,1788101379,2026-08-30T23:49:39+09:00
hyper_mscale_deeponet,644,50000,1788101409,2026-08-30T23:50:09+09:00
hyper_mscale_deeponet,677,50000,1788101440,2026-08-30T23:50:40+09:00
hyper_mscale_deeponet,709,50000,1788101471,2026-08-30T23:51:11+09:00
hyper_mscale_deeponet,742,50000,1788101501,2026-08-30T23:51:41+09:00
hyper_mscale_deeponet,774,50000,1788101532,2026-08-30T23:52:12+09:00
hyper_mscale_deeponet,807,50000,1788101563,2026-08-30T23:52:43+09:00
hyper_mscale_deeponet,840,50000,1788101593,2026-08-30T23:53:13+09:00
hyper_mscale_deeponet,872,50000,1788101624,2026-08-30T23:53:44+09:00
hyper_mscale_deeponet,905,50000,1788101655,2026-08-30T23:54:15+09:00
hyper_mscale_deeponet,938,50000,1788101685,2026-08-30T23:54:45+09:00
hyper_mscale_deeponet,970,50000,1788101716,2026-08-30T23:55:16+09:00
hyper_mscale_deeponet,1003,50000,1788101747,2026-08-30T23:55:47+09:00
hyper_mscale_deeponet,1035,50000,1788101777,2026-08-30T23:56:17+09:00
hyper_mscale_deeponet,1068,50000,1788101808,2026-08-30T23:56:48+09:00
hyper_mscale_deeponet,1100,50000,1788101839,2026-08-30T23:57:19+09:00
hyper_mscale_deeponet,1133,50000,1788101869,2026-08-30T23:57:49+09:00
hyper_mscale_deeponet,1166,50000,1788101900,2026-08-30T23:58:20+09:00
hyper_mscale_deeponet,1198,50000,1788101930,2026-08-30T23:58:50+09:00
hyper_mscale_deeponet,1231,50000,1788101961,2026-08-30T23:59:21+09:00
hyper_mscale_deeponet,1264,50000,1788101992,2026-08-30T23:59:52+09:00
hyper_mscale_deeponet,1296,50000,1788102023,2026-08-31T00:00:23+09:00
hyper_mscale_deeponet,1329,50000,1788102053,2026-08-31T00:00:53+09:00
hyper_mscale_deeponet,1362,50000,1788102084,2026-08-31T00:01:24+09:00
hyper_mscale_deeponet,1394,50000,1788102115,2026-08-31T00:01:55+09:00
hyper_mscale_deeponet,1427,50000,1788102145,2026-08-31T00:02:25+09:00
hyper_mscale_deeponet,1459,50000,1788102176,2026-08-31T00:02:56+09:00
hyper_mscale_deeponet,1492,50000,1788102207,2026-08-31T00:03:27+09:00
hyper_mscale_deeponet,1524,50000,1788102237,2026-08-31T00:03:57+09:00
hyper_mscale_deeponet,1538,50000,1788102268,2026-08-31T00:04:28+09:00
hyper_mscale_deeponet,1566,50000,1788102299,2026-08-31T00:04:59+09:00
hyper_mscale_deeponet,1598,50000,1788102330,2026-08-31T00:05:30+09:00
hyper_mscale_deeponet,1631,50000,1788102360,2026-08-31T00:06:00+09:00
hyper_mscale_deeponet,1664,50000,1788102391,2026-08-31T00:06:31+09:00
hyper_mscale_deeponet,1696,50000,1788102422,2026-08-31T00:07:02+09:00
hyper_mscale_deeponet,1729,50000,1788102452,2026-08-31T00:07:32+09:00
hyper_mscale_deeponet,1761,50000,1788102483,2026-08-31T00:08:03+09:00
hyper_mscale_deeponet,1794,50000,1788102514,2026-08-31T00:08:34+09:00
hyper_mscale_deeponet,1827,50000,1788102544,2026-08-31T00:09:04+09:00
hyper_mscale_deeponet,1859,50000,1788102575,2026-08-31T00:09:35+09:00
hyper_mscale_deeponet,1892,50000,1788102606,2026-08-31T00:10:06+09:00
hyper_mscale_deeponet,1924,50000,1788102636,2026-08-31T00:10:36+09:00
hyper_mscale_deeponet,1957,50000,1788102667,2026-08-31T00:11:07+09:00
hyper_mscale_deeponet,1989,50000,1788102698,2026-08-31T00:11:38+09:00
hyper_mscale_deeponet,2022,50000,1788102728,2026-08-31T00:12:08+09:00
hyper_mscale_deeponet,2054,50000,1788102759,2026-08-31T00:12:39+09:00
hyper_mscale_deeponet,2087,50000,1788102790,2026-08-31T00:13:10+09:00
hyper_mscale_deeponet,2119,50000,1788102820,2026-08-31T00:13:40+09:00
hyper_mscale_deeponet,2152,50000,1788102851,2026-08-31T00:14:11+09:00
hyper_mscale_deeponet,2184,50000,1788102882,2026-08-31T00:14:42+09:00
hyper_mscale_deeponet,2217,50000,1788102912,2026-08-31T00:15:12+09:00
hyper_mscale_deeponet,2238,50000,1788102943,2026-08-31T00:15:43+09:00
hyper_mscale_deeponet,2270,50000,1788102974,2026-08-31T00:16:14+09:00
hyper_mscale_deeponet,2285,50000,1788103005,2026-08-31T00:16:45+09:00
hyper_mscale_deeponet,2295,50000,1788103036,2026-08-31T00:17:16+09:00
hyper_mscale_deeponet,2306,50000,1788103067,2026-08-31T00:17:47+09:00
hyper_mscale_deeponet,2317,50000,1788103098,2026-08-31T00:18:18+09:00
hyper_mscale_deeponet,2327,50000,1788103130,2026-08-31T00:18:50+09:00
hyper_mscale_deeponet,2338,50000,1788103161,2026-08-31T00:19:21+09:00
hyper_mscale_deeponet,2352,50000,1788103192,2026-08-31T00:19:52+09:00
hyper_mscale_deeponet,2367,50000,1788103224,2026-08-31T00:20:24+09:00
hyper_mscale_deeponet,2386,50000,1788103255,2026-08-31T00:20:55+09:00
hyper_mscale_deeponet,2414,50000,1788103286,2026-08-31T00:21:26+09:00
hyper_mscale_deeponet,2447,50000,1788103316,2026-08-31T00:21:56+09:00
hyper_mscale_deeponet,2479,50000,1788103347,2026-08-31T00:22:27+09:00
hyper_mscale_deeponet,2512,50000,1788103377,2026-08-31T00:22:58+09:00
hyper_mscale_deeponet,2544,50000,1788103408,2026-08-31T00:23:28+09:00
hyper_mscale_deeponet,2577,50000,1788103439,2026-08-31T00:23:59+09:00
hyper_mscale_deeponet,2609,50000,1788103470,2026-08-31T00:24:30+09:00
hyper_mscale_deeponet,2642,50000,1788103500,2026-08-31T00:25:00+09:00
hyper_mscale_deeponet,2674,50000,1788103531,2026-08-31T00:25:31+09:00
hyper_mscale_deeponet,2707,50000,1788103562,2026-08-31T00:26:02+09:00
hyper_mscale_deeponet,2740,50000,1788103592,2026-08-31T00:26:32+09:00
hyper_mscale_deeponet,2772,50000,1788103623,2026-08-31T00:27:03+09:00
hyper_mscale_deeponet,2805,50000,1788103654,2026-08-31T00:27:34+09:00
hyper_mscale_deeponet,2837,50000,1788103684,2026-08-31T00:28:04+09:00
hyper_mscale_deeponet,2870,50000,1788103715,2026-08-31T00:28:35+09:00
hyper_mscale_deeponet,2902,50000,1788103746,2026-08-31T00:29:06+09:00
hyper_mscale_deeponet,2935,50000,1788103776,2026-08-31T00:29:36+09:00
hyper_mscale_deeponet,2967,50000,1788103807,2026-08-31T00:30:07+09:00
hyper_mscale_deeponet,3000,50000,1788103838,2026-08-31T00:30:38+09:00
hyper_mscale_deeponet,3032,50000,1788103868,2026-08-31T00:31:08+09:00
hyper_mscale_deeponet,3065,50000,1788103899,2026-08-31T00:31:39+09:00
hyper_mscale_deeponet,3097,50000,1788103930,2026-08-31T00:32:10+09:00
hyper_mscale_deeponet,3130,50000,1788103960,2026-08-31T00:32:40+09:00
hyper_mscale_deeponet,3163,50000,1788103991,2026-08-31T00:33:11+09:00
hyper_mscale_deeponet,3195,50000,1788104022,2026-08-31T00:33:42+09:00
hyper_mscale_deeponet,3228,50000,1788104052,2026-08-31T00:34:12+09:00
hyper_mscale_deeponet,3260,50000,1788104083,2026-08-31T00:34:43+09:00
hyper_mscale_deeponet,3293,50000,1788104114,2026-08-31T00:35:14+09:00
hyper_mscale_deeponet,3326,50000,1788104144,2026-08-31T00:35:44+09:00
hyper_mscale_deeponet,3359,50000,1788104175,2026-08-31T00:36:15+09:00
hyper_mscale_deeponet,3392,50000,1788104206,2026-08-31T00:36:46+09:00
hyper_mscale_deeponet,3425,50000,1788104237,2026-08-31T00:37:17+09:00
hyper_mscale_deeponet,3457,50000,1788104267,2026-08-31T00:37:47+09:00
hyper_mscale_deeponet,3490,50000,1788104298,2026-08-31T00:38:18+09:00
hyper_mscale_deeponet,3522,50000,1788104329,2026-08-31T00:38:49+09:00
hyper_mscale_deeponet,3555,50000,1788104359,2026-08-31T00:39:19+09:00
hyper_mscale_deeponet,3587,50000,1788104390,2026-08-31T00:39:50+09:00
hyper_mscale_deeponet,3620,50000,1788104421,2026-08-31T00:40:21+09:00
hyper_mscale_deeponet,3653,50000,1788104451,2026-08-31T00:40:51+09:00
hyper_mscale_deeponet,3685,50000,1788104482,2026-08-31T00:41:22+09:00
hyper_mscale_deeponet,3718,50000,1788104513,2026-08-31T00:41:53+09:00
hyper_mscale_deeponet,3751,50000,1788104543,2026-08-31T00:42:23+09:00
hyper_mscale_deeponet,3784,50000,1788104574,2026-08-31T00:42:54+09:00
hyper_mscale_deeponet,3816,50000,1788104605,2026-08-31T00:43:25+09:00
hyper_mscale_deeponet,3849,50000,1788104635,2026-08-31T00:43:55+09:00
hyper_mscale_deeponet,3882,50000,1788104666,2026-08-31T00:44:26+09:00
hyper_mscale_deeponet,3915,50000,1788104697,2026-08-31T00:44:57+09:00
hyper_mscale_deeponet,3948,50000,1788104728,2026-08-31T00:45:28+09:00
hyper_mscale_deeponet,3980,50000,1788104758,2026-08-31T00:45:58+09:00
hyper_mscale_deeponet,4013,50000,1788104789,2026-08-31T00:46:29+09:00
hyper_mscale_deeponet,4046,50000,1788104820,2026-08-31T00:47:00+09:00
hyper_mscale_deeponet,4079,50000,1788104850,2026-08-31T00:47:30+09:00
hyper_mscale_deeponet,4111,50000,1788104881,2026-08-31T00:48:01+09:00
hyper_mscale_deeponet,4144,50000,1788104912,2026-08-31T00:48:32+09:00
hyper_mscale_deeponet,4177,50000,1788104942,2026-08-31T00:49:02+09:00
hyper_mscale_deeponet,4209,50000,1788104973,2026-08-31T00:49:33+09:00
hyper_mscale_deeponet,4242,50000,1788105004,2026-08-31T00:50:04+09:00
hyper_mscale_deeponet,4275,50000,1788105034,2026-08-31T00:50:34+09:00
hyper_mscale_deeponet,4308,50000,1788105065,2026-08-31T00:51:05+09:00
hyper_mscale_deeponet,4340,50000,1788105096,2026-08-31T00:51:36+09:00
hyper_mscale_deeponet,4373,50000,1788105126,2026-08-31T00:52:06+09:00
hyper_mscale_deeponet,4405,50000,1788105157,2026-08-31T00:52:37+09:00
hyper_mscale_deeponet,4438,50000,1788105188,2026-08-31T00:53:08+09:00
hyper_mscale_deeponet,4470,50000,1788105219,2026-08-31T00:53:39+09:00
hyper_mscale_deeponet,4503,50000,1788105249,2026-08-31T00:54:09+09:00
hyper_mscale_deeponet,4535,50000,1788105280,2026-08-31T00:54:40+09:00
hyper_mscale_deeponet,4568,50000,1788105311,2026-08-31T00:55:11+09:00
hyper_mscale_deeponet,4601,50000,1788105341,2026-08-31T00:55:41+09:00
hyper_mscale_deeponet,4633,50000,1788105372,2026-08-31T00:56:12+09:00
hyper_mscale_deeponet,4666,50000,1788105403,2026-08-31T00:56:43+09:00
hyper_mscale_deeponet,4698,50000,1788105433,2026-08-31T00:57:13+09:00
hyper_mscale_deeponet,4731,50000,1788105464,2026-08-31T00:57:44+09:00
hyper_mscale_deeponet,4764,50000,1788105495,2026-08-31T00:58:15+09:00
hyper_mscale_deeponet,4796,50000,1788105525,2026-08-31T00:58:45+09:00
hyper_mscale_deeponet,4829,50000,1788105556,2026-08-31T00:59:16+09:00
hyper_mscale_deeponet,4862,50000,1788105587,2026-08-31T00:59:47+09:00
hyper_mscale_deeponet,4894,50000,1788105618,2026-08-31T01:00:18+09:00
hyper_mscale_deeponet,4927,50000,1788105648,2026-08-31T01:00:48+09:00
hyper_mscale_deeponet,4959,50000,1788105679,2026-08-31T01:01:19+09:00
hyper_mscale_deeponet,4992,50000,1788105710,2026-08-31T01:01:50+09:00
hyper_mscale_deeponet,5024,50000,1788105740,2026-08-31T01:02:20+09:00
hyper_mscale_deeponet,5057,50000,1788105771,2026-08-31T01:02:51+09:00
hyper_mscale_deeponet,5090,50000,1788105802,2026-08-31T01:03:22+09:00
hyper_mscale_deeponet,5123,50000,1788105832,2026-08-31T01:03:52+09:00
hyper_mscale_deeponet,5155,50000,1788105863,2026-08-31T01:04:23+09:00
hyper_mscale_deeponet,5188,50000,1788105894,2026-08-31T01:04:54+09:00
hyper_mscale_deeponet,5221,50000,1788105925,2026-08-31T01:05:25+09:00
hyper_mscale_deeponet,5253,50000,1788105955,2026-08-31T01:05:55+09:00
hyper_mscale_deeponet,5286,50000,1788105986,2026-08-31T01:06:26+09:00
hyper_mscale_deeponet,5318,50000,1788106017,2026-08-31T01:06:57+09:00
hyper_mscale_deeponet,5351,50000,1788106047,2026-08-31T01:07:27+09:00
hyper_mscale_deeponet,5384,50000,1788106078,2026-08-31T01:07:58+09:00
hyper_mscale_deeponet,5417,50000,1788106109,2026-08-31T01:08:29+09:00
hyper_mscale_deeponet,5449,50000,1788106139,2026-08-31T01:08:59+09:00
hyper_mscale_deeponet,5482,50000,1788106170,2026-08-31T01:09:30+09:00
hyper_mscale_deeponet,5515,50000,1788106201,2026-08-31T01:10:01+09:00
hyper_mscale_deeponet,5548,50000,1788106232,2026-08-31T01:10:32+09:00
hyper_mscale_deeponet,5580,50000,1788106262,2026-08-31T01:11:02+09:00
hyper_mscale_deeponet,5613,50000,1788106293,2026-08-31T01:11:33+09:00
hyper_mscale_deeponet,5646,50000,1788106324,2026-08-31T01:12:04+09:00
hyper_mscale_deeponet,5678,50000,1788106354,2026-08-31T01:12:34+09:00
hyper_mscale_deeponet,5711,50000,1788106385,2026-08-31T01:13:05+09:00
hyper_mscale_deeponet,5744,50000,1788106416,2026-08-31T01:13:36+09:00
hyper_mscale_deeponet,5776,50000,1788106446,2026-08-31T01:14:06+09:00
hyper_mscale_deeponet,5809,50000,1788106477,2026-08-31T01:14:37+09:00
hyper_mscale_deeponet,5842,50000,1788106508,2026-08-31T01:15:08+09:00
hyper_mscale_deeponet,5875,50000,1788106538,2026-08-31T01:15:38+09:00
hyper_mscale_deeponet,5907,50000,1788106569,2026-08-31T01:16:09+09:00
hyper_mscale_deeponet,5940,50000,1788106600,2026-08-31T01:16:40+09:00
hyper_mscale_deeponet,5973,50000,1788106631,2026-08-31T01:17:11+09:00
hyper_mscale_deeponet,6006,50000,1788106661,2026-08-31T01:17:41+09:00
hyper_mscale_deeponet,6038,50000,1788106692,2026-08-31T01:18:12+09:00
hyper_mscale_deeponet,6071,50000,1788106723,2026-08-31T01:18:43+09:00
hyper_mscale_deeponet,6104,50000,1788106754,2026-08-31T01:19:14+09:00
hyper_mscale_deeponet,6137,50000,1788106784,2026-08-31T01:19:44+09:00
hyper_mscale_deeponet,6170,50000,1788106815,2026-08-31T01:20:15+09:00
hyper_mscale_deeponet,6202,50000,1788106846,2026-08-31T01:20:46+09:00
hyper_mscale_deeponet,6235,50000,1788106876,2026-08-31T01:21:16+09:00
hyper_mscale_deeponet,6268,50000,1788106907,2026-08-31T01:21:47+09:00
hyper_mscale_deeponet,6301,50000,1788106938,2026-08-31T01:22:18+09:00
hyper_mscale_deeponet,6333,50000,1788106968,2026-08-31T01:22:48+09:00
hyper_mscale_deeponet,6366,50000,1788106999,2026-08-31T01:23:19+09:00
hyper_mscale_deeponet,6399,50000,1788107030,2026-08-31T01:23:50+09:00
hyper_mscale_deeponet,6432,50000,1788107061,2026-08-31T01:24:21+09:00
hyper_mscale_deeponet,6464,50000,1788107091,2026-08-31T01:24:51+09:00
hyper_mscale_deeponet,6497,50000,1788107122,2026-08-31T01:25:22+09:00
hyper_mscale_deeponet,6530,50000,1788107153,2026-08-31T01:25:53+09:00
hyper_mscale_deeponet,6563,50000,1788107183,2026-08-31T01:26:23+09:00
hyper_mscale_deeponet,6596,50000,1788107214,2026-08-31T01:26:54+09:00
hyper_mscale_deeponet,6629,50000,1788107245,2026-08-31T01:27:25+09:00
hyper_mscale_deeponet,6661,50000,1788107276,2026-08-31T01:27:56+09:00
hyper_mscale_deeponet,6694,50000,1788107306,2026-08-31T01:28:26+09:00
hyper_mscale_deeponet,6727,50000,1788107337,2026-08-31T01:28:57+09:00
hyper_mscale_deeponet,6760,50000,1788107368,2026-08-31T01:29:28+09:00
hyper_mscale_deeponet,6793,50000,1788107398,2026-08-31T01:29:58+09:00
hyper_mscale_deeponet,6826,50000,1788107429,2026-08-31T01:30:29+09:00
hyper_mscale_deeponet,6859,50000,1788107460,2026-08-31T01:31:00+09:00
hyper_mscale_deeponet,6892,50000,1788107491,2026-08-31T01:31:31+09:00
hyper_mscale_deeponet,6924,50000,1788107521,2026-08-31T01:32:01+09:00
hyper_mscale_deeponet,6957,50000,1788107552,2026-08-31T01:32:32+09:00
hyper_mscale_deeponet,6990,50000,1788107583,2026-08-31T01:33:03+09:00
hyper_mscale_deeponet,7022,50000,1788107613,2026-08-31T01:33:33+09:00
hyper_mscale_deeponet,7055,50000,1788107644,2026-08-31T01:34:04+09:00
hyper_mscale_deeponet,7088,50000,1788107675,2026-08-31T01:34:35+09:00
hyper_mscale_deeponet,7120,50000,1788107705,2026-08-31T01:35:05+09:00
hyper_mscale_deeponet,7153,50000,1788107736,2026-08-31T01:35:36+09:00
hyper_mscale_deeponet,7186,50000,1788107767,2026-08-31T01:36:07+09:00
hyper_mscale_deeponet,7218,50000,1788107798,2026-08-31T01:36:38+09:00
hyper_mscale_deeponet,7251,50000,1788107828,2026-08-31T01:37:08+09:00
hyper_mscale_deeponet,7284,50000,1788107859,2026-08-31T01:37:39+09:00
hyper_mscale_deeponet,7316,50000,1788107890,2026-08-31T01:38:10+09:00
hyper_mscale_deeponet,7349,50000,1788107920,2026-08-31T01:38:40+09:00
hyper_mscale_deeponet,7381,50000,1788107951,2026-08-31T01:39:11+09:00
hyper_mscale_deeponet,7414,50000,1788107982,2026-08-31T01:39:42+09:00
hyper_mscale_deeponet,7447,50000,1788108013,2026-08-31T01:40:13+09:00
hyper_mscale_deeponet,7480,50000,1788108044,2026-08-31T01:40:44+09:00
hyper_mscale_deeponet,7513,50000,1788108074,2026-08-31T01:41:14+09:00
hyper_mscale_deeponet,7545,50000,1788108105,2026-08-31T01:41:45+09:00
hyper_mscale_deeponet,7578,50000,1788108136,2026-08-31T01:42:16+09:00
hyper_mscale_deeponet,7610,50000,1788108167,2026-08-31T01:42:47+09:00
hyper_mscale_deeponet,7643,50000,1788108197,2026-08-31T01:43:17+09:00
hyper_mscale_deeponet,7675,50000,1788108228,2026-08-31T01:43:48+09:00
hyper_mscale_deeponet,7708,50000,1788108259,2026-08-31T01:44:19+09:00
hyper_mscale_deeponet,7740,50000,1788108289,2026-08-31T01:44:49+09:00
hyper_mscale_deeponet,7773,50000,1788108320,2026-08-31T01:45:20+09:00
hyper_mscale_deeponet,7806,50000,1788108351,2026-08-31T01:45:51+09:00
hyper_mscale_deeponet,7839,50000,1788108382,2026-08-31T01:46:22+09:00
hyper_mscale_deeponet,7871,50000,1788108412,2026-08-31T01:46:52+09:00
hyper_mscale_deeponet,7904,50000,1788108443,2026-08-31T01:47:23+09:00
hyper_mscale_deeponet,7937,50000,1788108474,2026-08-31T01:47:54+09:00
hyper_mscale_deeponet,7970,50000,1788108504,2026-08-31T01:48:24+09:00
hyper_mscale_deeponet,8002,50000,1788108535,2026-08-31T01:48:55+09:00
hyper_mscale_deeponet,8035,50000,1788108566,2026-08-31T01:49:26+09:00
hyper_mscale_deeponet,8068,50000,1788108597,2026-08-31T01:49:57+09:00
hyper_mscale_deeponet,8100,50000,1788108627,2026-08-31T01:50:27+09:00
hyper_mscale_deeponet,8133,50000,1788108658,2026-08-31T01:50:58+09:00
hyper_mscale_deeponet,8165,50000,1788108689,2026-08-31T01:51:29+09:00
hyper_mscale_deeponet,8198,50000,1788108720,2026-08-31T01:52:00+09:00
hyper_mscale_deeponet,8231,50000,1788108750,2026-08-31T01:52:30+09:00
hyper_mscale_deeponet,8263,50000,1788108781,2026-08-31T01:53:01+09:00
hyper_mscale_deeponet,8296,50000,1788108812,2026-08-31T01:53:32+09:00
hyper_mscale_deeponet,8329,50000,1788108842,2026-08-31T01:54:02+09:00
hyper_mscale_deeponet,8362,50000,1788108873,2026-08-31T01:54:33+09:00
hyper_mscale_deeponet,8394,50000,1788108904,2026-08-31T01:55:04+09:00
hyper_mscale_deeponet,8427,50000,1788108935,2026-08-31T01:55:35+09:00
hyper_mscale_deeponet,8459,50000,1788108965,2026-08-31T01:56:05+09:00
hyper_mscale_deeponet,8492,50000,1788108996,2026-08-31T01:56:36+09:00
hyper_mscale_deeponet,8525,50000,1788109027,2026-08-31T01:57:07+09:00
hyper_mscale_deeponet,8558,50000,1788109058,2026-08-31T01:57:38+09:00
hyper_mscale_deeponet,8591,50000,1788109088,2026-08-31T01:58:08+09:00
hyper_mscale_deeponet,8623,50000,1788109119,2026-08-31T01:58:39+09:00
hyper_mscale_deeponet,8656,50000,1788109150,2026-08-31T01:59:10+09:00
hyper_mscale_deeponet,8689,50000,1788109181,2026-08-31T01:59:41+09:00
hyper_mscale_deeponet,8721,50000,1788109211,2026-08-31T02:00:11+09:00
hyper_mscale_deeponet,8754,50000,1788109242,2026-08-31T02:00:42+09:00
hyper_mscale_deeponet,8787,50000,1788109273,2026-08-31T02:01:13+09:00
hyper_mscale_deeponet,8819,50000,1788109303,2026-08-31T02:01:43+09:00
hyper_mscale_deeponet,8852,50000,1788109334,2026-08-31T02:02:14+09:00
hyper_mscale_deeponet,8885,50000,1788109365,2026-08-31T02:02:45+09:00
hyper_mscale_deeponet,8918,50000,1788109396,2026-08-31T02:03:16+09:00
hyper_mscale_deeponet,8950,50000,1788109426,2026-08-31T02:03:46+09:00
hyper_mscale_deeponet,8983,50000,1788109457,2026-08-31T02:04:17+09:00
hyper_mscale_deeponet,9016,50000,1788109488,2026-08-31T02:04:48+09:00
hyper_mscale_deeponet,9048,50000,1788109519,2026-08-31T02:05:19+09:00
hyper_mscale_deeponet,9081,50000,1788109549,2026-08-31T02:05:49+09:00
hyper_mscale_deeponet,9114,50000,1788109580,2026-08-31T02:06:20+09:00
hyper_mscale_deeponet,9147,50000,1788109611,2026-08-31T02:06:51+09:00
hyper_mscale_deeponet,9180,50000,1788109642,2026-08-31T02:07:22+09:00
hyper_mscale_deeponet,9213,50000,1788109672,2026-08-31T02:07:52+09:00
hyper_mscale_deeponet,9245,50000,1788109703,2026-08-31T02:08:23+09:00
hyper_mscale_deeponet,9278,50000,1788109734,2026-08-31T02:08:54+09:00
hyper_mscale_deeponet,9311,50000,1788109765,2026-08-31T02:09:25+09:00
hyper_mscale_deeponet,9344,50000,1788109795,2026-08-31T02:09:55+09:00
hyper_mscale_deeponet,9377,50000,1788109826,2026-08-31T02:10:26+09:00
hyper_mscale_deeponet,9410,50000,1788109857,2026-08-31T02:10:57+09:00
hyper_mscale_deeponet,9442,50000,1788109888,2026-08-31T02:11:28+09:00
hyper_mscale_deeponet,9475,50000,1788109918,2026-08-31T02:11:58+09:00
hyper_mscale_deeponet,9508,50000,1788109949,2026-08-31T02:12:29+09:00
hyper_mscale_deeponet,9541,50000,1788109980,2026-08-31T02:13:00+09:00
hyper_mscale_deeponet,9574,50000,1788110011,2026-08-31T02:13:31+09:00
hyper_mscale_deeponet,9607,50000,1788110041,2026-08-31T02:14:01+09:00
hyper_mscale_deeponet,9639,50000,1788110072,2026-08-31T02:14:32+09:00
hyper_mscale_deeponet,9672,50000,1788110103,2026-08-31T02:15:03+09:00
hyper_mscale_deeponet,9705,50000,1788110133,2026-08-31T02:15:33+09:00
hyper_mscale_deeponet,9738,50000,1788110164,2026-08-31T02:16:04+09:00
hyper_mscale_deeponet,9771,50000,1788110195,2026-08-31T02:16:35+09:00
hyper_mscale_deeponet,9803,50000,1788110226,2026-08-31T02:17:06+09:00
hyper_mscale_deeponet,9836,50000,1788110256,2026-08-31T02:17:36+09:00
hyper_mscale_deeponet,9869,50000,1788110287,2026-08-31T02:18:07+09:00
hyper_mscale_deeponet,9902,50000,1788110318,2026-08-31T02:18:38+09:00
hyper_mscale_deeponet,9934,50000,1788110349,2026-08-31T02:19:09+09:00
hyper_mscale_deeponet,9967,50000,1788110379,2026-08-31T02:19:39+09:00
hyper_mscale_deeponet,10000,50000,1788110410,2026-08-31T02:20:10+09:00
hyper_mscale_deeponet,10033,50000,1788110441,2026-08-31T02:20:41+09:00
hyper_mscale_deeponet,10066,50000,1788110472,2026-08-31T02:21:12+09:00
hyper_mscale_deeponet,10098,50000,1788110503,2026-08-31T02:21:43+09:00
hyper_mscale_deeponet,10131,50000,1788110533,2026-08-31T02:22:13+09:00
hyper_mscale_deeponet,10164,50000,1788110564,2026-08-31T02:22:44+09:00
hyper_mscale_deeponet,10197,50000,1788110595,2026-08-31T02:23:15+09:00
hyper_mscale_deeponet,10230,50000,1788110626,2026-08-31T02:23:46+09:00
hyper_mscale_deeponet,10263,50000,1788110656,2026-08-31T02:24:16+09:00
hyper_mscale_deeponet,10296,50000,1788110687,2026-08-31T02:24:47+09:00
hyper_mscale_deeponet,10328,50000,1788110718,2026-08-31T02:25:18+09:00
hyper_mscale_deeponet,10361,50000,1788110749,2026-08-31T02:25:49+09:00
hyper_mscale_deeponet,10394,50000,1788110779,2026-08-31T02:26:19+09:00
hyper_mscale_deeponet,10427,50000,1788110810,2026-08-31T02:26:50+09:00
hyper_mscale_deeponet,10459,50000,1788110841,2026-08-31T02:27:21+09:00
hyper_mscale_deeponet,10492,50000,1788110872,2026-08-31T02:27:52+09:00
hyper_mscale_deeponet,10525,50000,1788110902,2026-08-31T02:28:22+09:00
hyper_mscale_deeponet,10558,50000,1788110933,2026-08-31T02:28:53+09:00
hyper_mscale_deeponet,10591,50000,1788110964,2026-08-31T02:29:24+09:00
hyper_mscale_deeponet,10623,50000,1788110995,2026-08-31T02:29:55+09:00
hyper_mscale_deeponet,10656,50000,1788111025,2026-08-31T02:30:25+09:00
hyper_mscale_deeponet,10689,50000,1788111056,2026-08-31T02:30:56+09:00
hyper_mscale_deeponet,10722,50000,1788111087,2026-08-31T02:31:27+09:00
hyper_mscale_deeponet,10754,50000,1788111118,2026-08-31T02:31:58+09:00
hyper_mscale_deeponet,10787,50000,1788111148,2026-08-31T02:32:28+09:00
hyper_mscale_deeponet,10820,50000,1788111179,2026-08-31T02:32:59+09:00
hyper_mscale_deeponet,10853,50000,1788111210,2026-08-31T02:33:30+09:00
hyper_mscale_deeponet,10886,50000,1788111241,2026-08-31T02:34:01+09:00
hyper_mscale_deeponet,10919,50000,1788111271,2026-08-31T02:34:31+09:00
hyper_mscale_deeponet,10951,50000,1788111302,2026-08-31T02:35:02+09:00
hyper_mscale_deeponet,10984,50000,1788111333,2026-08-31T02:35:33+09:00
hyper_mscale_deeponet,11017,50000,1788111364,2026-08-31T02:36:04+09:00
hyper_mscale_deeponet,11050,50000,1788111394,2026-08-31T02:36:34+09:00
hyper_mscale_deeponet,11083,50000,1788111425,2026-08-31T02:37:05+09:00
hyper_mscale_deeponet,11116,50000,1788111456,2026-08-31T02:37:36+09:00
hyper_mscale_deeponet,11149,50000,1788111487,2026-08-31T02:38:07+09:00
hyper_mscale_deeponet,11181,50000,1788111517,2026-08-31T02:38:37+09:00
hyper_mscale_deeponet,11214,50000,1788111548,2026-08-31T02:39:08+09:00
hyper_mscale_deeponet,11246,50000,1788111579,2026-08-31T02:39:39+09:00
hyper_mscale_deeponet,11279,50000,1788111610,2026-08-31T02:40:10+09:00
hyper_mscale_deeponet,11312,50000,1788111640,2026-08-31T02:40:40+09:00
hyper_mscale_deeponet,11345,50000,1788111671,2026-08-31T02:41:11+09:00
hyper_mscale_deeponet,11378,50000,1788111702,2026-08-31T02:41:42+09:00
hyper_mscale_deeponet,11410,50000,1788111733,2026-08-31T02:42:13+09:00
hyper_mscale_deeponet,11443,50000,1788111763,2026-08-31T02:42:43+09:00
hyper_mscale_deeponet,11476,50000,1788111794,2026-08-31T02:43:14+09:00
hyper_mscale_deeponet,11508,50000,1788111825,2026-08-31T02:43:45+09:00
hyper_mscale_deeponet,11541,50000,1788111856,2026-08-31T02:44:16+09:00
hyper_mscale_deeponet,11574,50000,1788111886,2026-08-31T02:44:46+09:00
hyper_mscale_deeponet,11606,50000,1788111917,2026-08-31T02:45:17+09:00
hyper_mscale_deeponet,11639,50000,1788111948,2026-08-31T02:45:48+09:00
hyper_mscale_deeponet,11671,50000,1788111979,2026-08-31T02:46:19+09:00
hyper_mscale_deeponet,11704,50000,1788112010,2026-08-31T02:46:50+09:00
hyper_mscale_deeponet,11736,50000,1788112040,2026-08-31T02:47:20+09:00
hyper_mscale_deeponet,11769,50000,1788112071,2026-08-31T02:47:51+09:00
hyper_mscale_deeponet,11802,50000,1788112102,2026-08-31T02:48:22+09:00
hyper_mscale_deeponet,11834,50000,1788112133,2026-08-31T02:48:53+09:00
hyper_mscale_deeponet,11867,50000,1788112164,2026-08-31T02:49:24+09:00
hyper_mscale_deeponet,11899,50000,1788112194,2026-08-31T02:49:54+09:00
hyper_mscale_deeponet,11932,50000,1788112225,2026-08-31T02:50:25+09:00
hyper_mscale_deeponet,11964,50000,1788112256,2026-08-31T02:50:56+09:00
hyper_mscale_deeponet,11997,50000,1788112287,2026-08-31T02:51:27+09:00
hyper_mscale_deeponet,12030,50000,1788112318,2026-08-31T02:51:58+09:00
hyper_mscale_deeponet,12062,50000,1788112348,2026-08-31T02:52:28+09:00
hyper_mscale_deeponet,12095,50000,1788112379,2026-08-31T02:52:59+09:00
hyper_mscale_deeponet,12128,50000,1788112410,2026-08-31T02:53:30+09:00
hyper_mscale_deeponet,12160,50000,1788112441,2026-08-31T02:54:01+09:00
hyper_mscale_deeponet,12193,50000,1788112472,2026-08-31T02:54:32+09:00
hyper_mscale_deeponet,12225,50000,1788112502,2026-08-31T02:55:02+09:00
hyper_mscale_deeponet,12258,50000,1788112533,2026-08-31T02:55:33+09:00
hyper_mscale_deeponet,12290,50000,1788112564,2026-08-31T02:56:04+09:00
hyper_mscale_deeponet,12323,50000,1788112595,2026-08-31T02:56:35+09:00
hyper_mscale_deeponet,12355,50000,1788112626,2026-08-31T02:57:06+09:00
hyper_mscale_deeponet,12388,50000,1788112656,2026-08-31T02:57:36+09:00
hyper_mscale_deeponet,12421,50000,1788112687,2026-08-31T02:58:07+09:00
hyper_mscale_deeponet,12453,50000,1788112718,2026-08-31T02:58:38+09:00
hyper_mscale_deeponet,12486,50000,1788112749,2026-08-31T02:59:09+09:00
hyper_mscale_deeponet,12519,50000,1788112780,2026-08-31T02:59:40+09:00
hyper_mscale_deeponet,12551,50000,1788112810,2026-08-31T03:00:10+09:00
hyper_mscale_deeponet,12584,50000,1788112841,2026-08-31T03:00:41+09:00
hyper_mscale_deeponet,12617,50000,1788112872,2026-08-31T03:01:12+09:00
hyper_mscale_deeponet,12649,50000,1788112903,2026-08-31T03:01:43+09:00
hyper_mscale_deeponet,12682,50000,1788112934,2026-08-31T03:02:14+09:00
hyper_mscale_deeponet,12714,50000,1788112964,2026-08-31T03:02:44+09:00
hyper_mscale_deeponet,12747,50000,1788112995,2026-08-31T03:03:15+09:00
hyper_mscale_deeponet,12780,50000,1788113026,2026-08-31T03:03:46+09:00
hyper_mscale_deeponet,12812,50000,1788113057,2026-08-31T03:04:17+09:00
hyper_mscale_deeponet,12845,50000,1788113088,2026-08-31T03:04:48+09:00
hyper_mscale_deeponet,12878,50000,1788113118,2026-08-31T03:05:18+09:00
hyper_mscale_deeponet,12910,50000,1788113149,2026-08-31T03:05:49+09:00
hyper_mscale_deeponet,12943,50000,1788113180,2026-08-31T03:06:20+09:00
hyper_mscale_deeponet,12975,50000,1788113211,2026-08-31T03:06:51+09:00
hyper_mscale_deeponet,13008,50000,1788113242,2026-08-31T03:07:22+09:00
hyper_mscale_deeponet,13041,50000,1788113272,2026-08-31T03:07:52+09:00
hyper_mscale_deeponet,13073,50000,1788113303,2026-08-31T03:08:23+09:00
hyper_mscale_deeponet,13106,50000,1788113334,2026-08-31T03:08:54+09:00
hyper_mscale_deeponet,13138,50000,1788113365,2026-08-31T03:09:25+09:00
hyper_mscale_deeponet,13171,50000,1788113396,2026-08-31T03:09:56+09:00
hyper_mscale_deeponet,13204,50000,1788113426,2026-08-31T03:10:26+09:00
hyper_mscale_deeponet,13236,50000,1788113457,2026-08-31T03:10:57+09:00
hyper_mscale_deeponet,13269,50000,1788113488,2026-08-31T03:11:28+09:00
hyper_mscale_deeponet,13301,50000,1788113519,2026-08-31T03:11:59+09:00
hyper_mscale_deeponet,13334,50000,1788113550,2026-08-31T03:12:30+09:00
hyper_mscale_deeponet,13366,50000,1788113581,2026-08-31T03:13:01+09:00
hyper_mscale_deeponet,13399,50000,1788113611,2026-08-31T03:13:31+09:00
hyper_mscale_deeponet,13431,50000,1788113642,2026-08-31T03:14:02+09:00
hyper_mscale_deeponet,13464,50000,1788113673,2026-08-31T03:14:33+09:00
hyper_mscale_deeponet,13497,50000,1788113704,2026-08-31T03:15:04+09:00
hyper_mscale_deeponet,13529,50000,1788113735,2026-08-31T03:15:35+09:00
hyper_mscale_deeponet,13562,50000,1788113765,2026-08-31T03:16:05+09:00
hyper_mscale_deeponet,13595,50000,1788113796,2026-08-31T03:16:36+09:00
hyper_mscale_deeponet,13627,50000,1788113827,2026-08-31T03:17:07+09:00
hyper_mscale_deeponet,13659,50000,1788113858,2026-08-31T03:17:38+09:00
hyper_mscale_deeponet,13692,50000,1788113889,2026-08-31T03:18:09+09:00
hyper_mscale_deeponet,13724,50000,1788113919,2026-08-31T03:18:39+09:00
hyper_mscale_deeponet,13757,50000,1788113950,2026-08-31T03:19:10+09:00
hyper_mscale_deeponet,13789,50000,1788113981,2026-08-31T03:19:41+09:00
hyper_mscale_deeponet,13822,50000,1788114012,2026-08-31T03:20:12+09:00
hyper_mscale_deeponet,13854,50000,1788114043,2026-08-31T03:20:43+09:00
hyper_mscale_deeponet,13887,50000,1788114074,2026-08-31T03:21:14+09:00
hyper_mscale_deeponet,13919,50000,1788114104,2026-08-31T03:21:44+09:00
hyper_mscale_deeponet,13952,50000,1788114135,2026-08-31T03:22:15+09:00
hyper_mscale_deeponet,13984,50000,1788114166,2026-08-31T03:22:46+09:00
hyper_mscale_deeponet,14016,50000,1788114197,2026-08-31T03:23:17+09:00
hyper_mscale_deeponet,14049,50000,1788114228,2026-08-31T03:23:48+09:00
hyper_mscale_deeponet,14081,50000,1788114258,2026-08-31T03:24:18+09:00
hyper_mscale_deeponet,14114,50000,1788114289,2026-08-31T03:24:49+09:00
hyper_mscale_deeponet,14147,50000,1788114320,2026-08-31T03:25:20+09:00
hyper_mscale_deeponet,14179,50000,1788114351,2026-08-31T03:25:51+09:00
hyper_mscale_deeponet,14212,50000,1788114382,2026-08-31T03:26:22+09:00
hyper_mscale_deeponet,14245,50000,1788114412,2026-08-31T03:26:52+09:00
hyper_mscale_deeponet,14277,50000,1788114443,2026-08-31T03:27:23+09:00
hyper_mscale_deeponet,14310,50000,1788114474,2026-08-31T03:27:54+09:00
hyper_mscale_deeponet,14342,50000,1788114505,2026-08-31T03:28:25+09:00
hyper_mscale_deeponet,14375,50000,1788114536,2026-08-31T03:28:56+09:00
hyper_mscale_deeponet,14408,50000,1788114567,2026-08-31T03:29:27+09:00
hyper_mscale_deeponet,14440,50000,1788114597,2026-08-31T03:29:57+09:00
hyper_mscale_deeponet,14473,50000,1788114628,2026-08-31T03:30:28+09:00
hyper_mscale_deeponet,14505,50000,1788114659,2026-08-31T03:30:59+09:00
hyper_mscale_deeponet,14538,50000,1788114690,2026-08-31T03:31:30+09:00
hyper_mscale_deeponet,14570,50000,1788114721,2026-08-31T03:32:01+09:00
hyper_mscale_deeponet,14603,50000,1788114751,2026-08-31T03:32:31+09:00
hyper_mscale_deeponet,14636,50000,1788114782,2026-08-31T03:33:02+09:00
hyper_mscale_deeponet,14668,50000,1788114813,2026-08-31T03:33:33+09:00
hyper_mscale_deeponet,14701,50000,1788114844,2026-08-31T03:34:04+09:00
hyper_mscale_deeponet,14734,50000,1788114875,2026-08-31T03:34:35+09:00
hyper_mscale_deeponet,14766,50000,1788114905,2026-08-31T03:35:05+09:00
hyper_mscale_deeponet,14799,50000,1788114936,2026-08-31T03:35:36+09:00
hyper_mscale_deeponet,14831,50000,1788114967,2026-08-31T03:36:07+09:00
hyper_mscale_deeponet,14864,50000,1788114998,2026-08-31T03:36:38+09:00
hyper_mscale_deeponet,14896,50000,1788115029,2026-08-31T03:37:09+09:00
hyper_mscale_deeponet,14929,50000,1788115060,2026-08-31T03:37:40+09:00
hyper_mscale_deeponet,14962,50000,1788115090,2026-08-31T03:38:10+09:00
hyper_mscale_deeponet,14994,50000,1788115121,2026-08-31T03:38:41+09:00
hyper_mscale_deeponet,15027,50000,1788115152,2026-08-31T03:39:12+09:00
hyper_mscale_deeponet,15059,50000,1788115183,2026-08-31T03:39:43+09:00
hyper_mscale_deeponet,15092,50000,1788115214,2026-08-31T03:40:14+09:00
hyper_mscale_deeponet,15124,50000,1788115245,2026-08-31T03:40:45+09:00
hyper_mscale_deeponet,15157,50000,1788115275,2026-08-31T03:41:15+09:00
hyper_mscale_deeponet,15190,50000,1788115306,2026-08-31T03:41:46+09:00
hyper_mscale_deeponet,15222,50000,1788115337,2026-08-31T03:42:17+09:00
hyper_mscale_deeponet,15255,50000,1788115368,2026-08-31T03:42:48+09:00
hyper_mscale_deeponet,15287,50000,1788115399,2026-08-31T03:43:19+09:00
hyper_mscale_deeponet,15320,50000,1788115430,2026-08-31T03:43:50+09:00
hyper_mscale_deeponet,15352,50000,1788115460,2026-08-31T03:44:20+09:00
hyper_mscale_deeponet,15385,50000,1788115491,2026-08-31T03:44:51+09:00
hyper_mscale_deeponet,15417,50000,1788115522,2026-08-31T03:45:22+09:00
hyper_mscale_deeponet,15450,50000,1788115553,2026-08-31T03:45:53+09:00
hyper_mscale_deeponet,15483,50000,1788115584,2026-08-31T03:46:24+09:00
hyper_mscale_deeponet,15516,50000,1788115615,2026-08-31T03:46:55+09:00
hyper_mscale_deeponet,15549,50000,1788115645,2026-08-31T03:47:25+09:00
hyper_mscale_deeponet,15581,50000,1788115676,2026-08-31T03:47:56+09:00
hyper_mscale_deeponet,15613,50000,1788115707,2026-08-31T03:48:27+09:00
hyper_mscale_deeponet,15645,50000,1788115738,2026-08-31T03:48:58+09:00
hyper_mscale_deeponet,15678,50000,1788115769,2026-08-31T03:49:29+09:00
hyper_mscale_deeponet,15711,50000,1788115800,2026-08-31T03:50:00+09:00
hyper_mscale_deeponet,15743,50000,1788115830,2026-08-31T03:50:30+09:00
hyper_mscale_deeponet,15776,50000,1788115861,2026-08-31T03:51:01+09:00
hyper_mscale_deeponet,15808,50000,1788115892,2026-08-31T03:51:32+09:00
hyper_mscale_deeponet,15840,50000,1788115923,2026-08-31T03:52:03+09:00
hyper_mscale_deeponet,15873,50000,1788115954,2026-08-31T03:52:34+09:00
hyper_mscale_deeponet,15905,50000,1788115985,2026-08-31T03:53:05+09:00
hyper_mscale_deeponet,15938,50000,1788116016,2026-08-31T03:53:36+09:00
hyper_mscale_deeponet,15971,50000,1788116046,2026-08-31T03:54:06+09:00
hyper_mscale_deeponet,16003,50000,1788116077,2026-08-31T03:54:37+09:00
hyper_mscale_deeponet,16036,50000,1788116108,2026-08-31T03:55:08+09:00
hyper_mscale_deeponet,16068,50000,1788116139,2026-08-31T03:55:39+09:00
hyper_mscale_deeponet,16100,50000,1788116170,2026-08-31T03:56:10+09:00
hyper_mscale_deeponet,16133,50000,1788116201,2026-08-31T03:56:41+09:00
hyper_mscale_deeponet,16166,50000,1788116232,2026-08-31T03:57:12+09:00
hyper_mscale_deeponet,16198,50000,1788116262,2026-08-31T03:57:42+09:00
hyper_mscale_deeponet,16231,50000,1788116293,2026-08-31T03:58:13+09:00
hyper_mscale_deeponet,16264,50000,1788116324,2026-08-31T03:58:44+09:00
hyper_mscale_deeponet,16296,50000,1788116355,2026-08-31T03:59:15+09:00
hyper_mscale_deeponet,16329,50000,1788116386,2026-08-31T03:59:46+09:00
hyper_mscale_deeponet,16361,50000,1788116417,2026-08-31T04:00:17+09:00
hyper_mscale_deeponet,16394,50000,1788116448,2026-08-31T04:00:48+09:00
hyper_mscale_deeponet,16426,50000,1788116478,2026-08-31T04:01:18+09:00
hyper_mscale_deeponet,16459,50000,1788116509,2026-08-31T04:01:49+09:00
hyper_mscale_deeponet,16491,50000,1788116540,2026-08-31T04:02:20+09:00
hyper_mscale_deeponet,16524,50000,1788116571,2026-08-31T04:02:51+09:00
hyper_mscale_deeponet,16556,50000,1788116602,2026-08-31T04:03:22+09:00
hyper_mscale_deeponet,16589,50000,1788116633,2026-08-31T04:03:53+09:00
hyper_mscale_deeponet,16621,50000,1788116664,2026-08-31T04:04:24+09:00
hyper_mscale_deeponet,16653,50000,1788116694,2026-08-31T04:04:55+09:00
hyper_mscale_deeponet,16686,50000,1788116725,2026-08-31T04:05:25+09:00
hyper_mscale_deeponet,16718,50000,1788116756,2026-08-31T04:05:56+09:00
hyper_mscale_deeponet,16751,50000,1788116787,2026-08-31T04:06:27+09:00
hyper_mscale_deeponet,16783,50000,1788116818,2026-08-31T04:06:58+09:00
hyper_mscale_deeponet,16815,50000,1788116849,2026-08-31T04:07:29+09:00
hyper_mscale_deeponet,16847,50000,1788116880,2026-08-31T04:08:00+09:00
hyper_mscale_deeponet,16880,50000,1788116910,2026-08-31T04:08:30+09:00
hyper_mscale_deeponet,16912,50000,1788116941,2026-08-31T04:09:01+09:00
hyper_mscale_deeponet,16945,50000,1788116972,2026-08-31T04:09:32+09:00
hyper_mscale_deeponet,16978,50000,1788117003,2026-08-31T04:10:03+09:00
hyper_mscale_deeponet,17010,50000,1788117034,2026-08-31T04:10:34+09:00
hyper_mscale_deeponet,17043,50000,1788117065,2026-08-31T04:11:05+09:00
hyper_mscale_deeponet,17075,50000,1788117096,2026-08-31T04:11:36+09:00
hyper_mscale_deeponet,17108,50000,1788117126,2026-08-31T04:12:06+09:00
hyper_mscale_deeponet,17140,50000,1788117157,2026-08-31T04:12:37+09:00
hyper_mscale_deeponet,17173,50000,1788117188,2026-08-31T04:13:08+09:00
hyper_mscale_deeponet,17205,50000,1788117219,2026-08-31T04:13:39+09:00
hyper_mscale_deeponet,17238,50000,1788117250,2026-08-31T04:14:10+09:00
hyper_mscale_deeponet,17270,50000,1788117281,2026-08-31T04:14:41+09:00
hyper_mscale_deeponet,17303,50000,1788117312,2026-08-31T04:15:12+09:00
hyper_mscale_deeponet,17336,50000,1788117342,2026-08-31T04:15:42+09:00
hyper_mscale_deeponet,17368,50000,1788117373,2026-08-31T04:16:13+09:00
hyper_mscale_deeponet,17400,50000,1788117404,2026-08-31T04:16:44+09:00
hyper_mscale_deeponet,17433,50000,1788117435,2026-08-31T04:17:15+09:00
hyper_mscale_deeponet,17466,50000,1788117466,2026-08-31T04:17:46+09:00
hyper_mscale_deeponet,17498,50000,1788117497,2026-08-31T04:18:17+09:00
hyper_mscale_deeponet,17530,50000,1788117528,2026-08-31T04:18:48+09:00
hyper_mscale_deeponet,17563,50000,1788117559,2026-08-31T04:19:19+09:00
hyper_mscale_deeponet,17596,50000,1788117589,2026-08-31T04:19:49+09:00
hyper_mscale_deeponet,17629,50000,1788117620,2026-08-31T04:20:20+09:00
hyper_mscale_deeponet,17661,50000,1788117651,2026-08-31T04:20:51+09:00
hyper_mscale_deeponet,17694,50000,1788117682,2026-08-31T04:21:22+09:00
hyper_mscale_deeponet,17727,50000,1788117713,2026-08-31T04:21:53+09:00
hyper_mscale_deeponet,17760,50000,1788117744,2026-08-31T04:22:24+09:00
hyper_mscale_deeponet,17793,50000,1788117774,2026-08-31T04:22:54+09:00
hyper_mscale_deeponet,17826,50000,1788117805,2026-08-31T04:23:25+09:00
hyper_mscale_deeponet,17858,50000,1788117836,2026-08-31T04:23:56+09:00
hyper_mscale_deeponet,17891,50000,1788117867,2026-08-31T04:24:27+09:00
hyper_mscale_deeponet,17924,50000,1788117898,2026-08-31T04:24:58+09:00
hyper_mscale_deeponet,17956,50000,1788117929,2026-08-31T04:25:29+09:00
hyper_mscale_deeponet,17989,50000,1788117960,2026-08-31T04:26:00+09:00
hyper_mscale_deeponet,18022,50000,1788117990,2026-08-31T04:26:30+09:00
hyper_mscale_deeponet,18055,50000,1788118021,2026-08-31T04:27:01+09:00
hyper_mscale_deeponet,18087,50000,1788118052,2026-08-31T04:27:32+09:00
hyper_mscale_deeponet,18120,50000,1788118083,2026-08-31T04:28:03+09:00
hyper_mscale_deeponet,18153,50000,1788118114,2026-08-31T04:28:34+09:00
hyper_mscale_deeponet,18186,50000,1788118145,2026-08-31T04:29:05+09:00
hyper_mscale_deeponet,18219,50000,1788118176,2026-08-31T04:29:36+09:00
hyper_mscale_deeponet,18251,50000,1788118206,2026-08-31T04:30:06+09:00
hyper_mscale_deeponet,18284,50000,1788118237,2026-08-31T04:30:37+09:00
hyper_mscale_deeponet,18317,50000,1788118268,2026-08-31T04:31:08+09:00
hyper_mscale_deeponet,18350,50000,1788118299,2026-08-31T04:31:39+09:00
hyper_mscale_deeponet,18383,50000,1788118330,2026-08-31T04:32:10+09:00
hyper_mscale_deeponet,18415,50000,1788118361,2026-08-31T04:32:41+09:00
hyper_mscale_deeponet,18448,50000,1788118391,2026-08-31T04:33:11+09:00
hyper_mscale_deeponet,18481,50000,1788118422,2026-08-31T04:33:42+09:00
hyper_mscale_deeponet,18514,50000,1788118453,2026-08-31T04:34:13+09:00
hyper_mscale_deeponet,18547,50000,1788118484,2026-08-31T04:34:44+09:00
hyper_mscale_deeponet,18580,50000,1788118515,2026-08-31T04:35:15+09:00
hyper_mscale_deeponet,18612,50000,1788118546,2026-08-31T04:35:46+09:00
hyper_mscale_deeponet,18645,50000,1788118577,2026-08-31T04:36:17+09:00
hyper_mscale_deeponet,18678,50000,1788118607,2026-08-31T04:36:47+09:00
hyper_mscale_deeponet,18711,50000,1788118638,2026-08-31T04:37:18+09:00
hyper_mscale_deeponet,18744,50000,1788118669,2026-08-31T04:37:49+09:00
hyper_mscale_deeponet,18776,50000,1788118700,2026-08-31T04:38:20+09:00
hyper_mscale_deeponet,18809,50000,1788118731,2026-08-31T04:38:51+09:00
hyper_mscale_deeponet,18842,50000,1788118762,2026-08-31T04:39:22+09:00
hyper_mscale_deeponet,18875,50000,1788118793,2026-08-31T04:39:53+09:00
hyper_mscale_deeponet,18908,50000,1788118823,2026-08-31T04:40:23+09:00
hyper_mscale_deeponet,18940,50000,1788118854,2026-08-31T04:40:54+09:00
hyper_mscale_deeponet,18973,50000,1788118885,2026-08-31T04:41:25+09:00
hyper_mscale_deeponet,19006,50000,1788118916,2026-08-31T04:41:56+09:00
hyper_mscale_deeponet,19039,50000,1788118947,2026-08-31T04:42:27+09:00
hyper_mscale_deeponet,19072,50000,1788118978,2026-08-31T04:42:58+09:00
hyper_mscale_deeponet,19104,50000,1788119009,2026-08-31T04:43:29+09:00
hyper_mscale_deeponet,19137,50000,1788119039,2026-08-31T04:43:59+09:00
hyper_mscale_deeponet,19170,50000,1788119070,2026-08-31T04:44:30+09:00
hyper_mscale_deeponet,19203,50000,1788119101,2026-08-31T04:45:01+09:00
hyper_mscale_deeponet,19235,50000,1788119132,2026-08-31T04:45:32+09:00
hyper_mscale_deeponet,19268,50000,1788119163,2026-08-31T04:46:03+09:00
hyper_mscale_deeponet,19301,50000,1788119194,2026-08-31T04:46:34+09:00
hyper_mscale_deeponet,19334,50000,1788119225,2026-08-31T04:47:05+09:00
hyper_mscale_deeponet,19367,50000,1788119255,2026-08-31T04:47:35+09:00
hyper_mscale_deeponet,19400,50000,1788119286,2026-08-31T04:48:06+09:00
hyper_mscale_deeponet,19433,50000,1788119317,2026-08-31T04:48:37+09:00
hyper_mscale_deeponet,19465,50000,1788119348,2026-08-31T04:49:08+09:00
hyper_mscale_deeponet,19498,50000,1788119379,2026-08-31T04:49:39+09:00
hyper_mscale_deeponet,19531,50000,1788119410,2026-08-31T04:50:10+09:00
hyper_mscale_deeponet,19564,50000,1788119441,2026-08-31T04:50:41+09:00
hyper_mscale_deeponet,19596,50000,1788119471,2026-08-31T04:51:11+09:00
hyper_mscale_deeponet,19629,50000,1788119502,2026-08-31T04:51:42+09:00
hyper_mscale_deeponet,19662,50000,1788119533,2026-08-31T04:52:13+09:00
hyper_mscale_deeponet,19695,50000,1788119564,2026-08-31T04:52:44+09:00
hyper_mscale_deeponet,19728,50000,1788119595,2026-08-31T04:53:15+09:00
hyper_mscale_deeponet,19760,50000,1788119626,2026-08-31T04:53:46+09:00
hyper_mscale_deeponet,19793,50000,1788119657,2026-08-31T04:54:17+09:00
hyper_mscale_deeponet,19826,50000,1788119687,2026-08-31T04:54:47+09:00
hyper_mscale_deeponet,19859,50000,1788119718,2026-08-31T04:55:18+09:00
hyper_mscale_deeponet,19892,50000,1788119749,2026-08-31T04:55:49+09:00
hyper_mscale_deeponet,19924,50000,1788119780,2026-08-31T04:56:20+09:00
hyper_mscale_deeponet,19957,50000,1788119811,2026-08-31T04:56:51+09:00
hyper_mscale_deeponet,19990,50000,1788119842,2026-08-31T04:57:22+09:00
hyper_mscale_deeponet,20023,50000,1788119873,2026-08-31T04:57:53+09:00
hyper_mscale_deeponet,20055,50000,1788119904,2026-08-31T04:58:24+09:00
hyper_mscale_deeponet,20088,50000,1788119934,2026-08-31T04:58:54+09:00
hyper_mscale_deeponet,20121,50000,1788119965,2026-08-31T04:59:25+09:00
hyper_mscale_deeponet,20154,50000,1788119996,2026-08-31T04:59:56+09:00
hyper_mscale_deeponet,20186,50000,1788120027,2026-08-31T05:00:27+09:00
hyper_mscale_deeponet,20219,50000,1788120058,2026-08-31T05:00:58+09:00
hyper_mscale_deeponet,20252,50000,1788120089,2026-08-31T05:01:29+09:00
hyper_mscale_deeponet,20285,50000,1788120120,2026-08-31T05:02:00+09:00
hyper_mscale_deeponet,20318,50000,1788120151,2026-08-31T05:02:31+09:00
hyper_mscale_deeponet,20351,50000,1788120181,2026-08-31T05:03:01+09:00
hyper_mscale_deeponet,20384,50000,1788120212,2026-08-31T05:03:32+09:00
hyper_mscale_deeponet,20417,50000,1788120243,2026-08-31T05:04:03+09:00
hyper_mscale_deeponet,20450,50000,1788120274,2026-08-31T05:04:34+09:00
hyper_mscale_deeponet,20482,50000,1788120305,2026-08-31T05:05:05+09:00
hyper_mscale_deeponet,20515,50000,1788120336,2026-08-31T05:05:36+09:00
hyper_mscale_deeponet,20548,50000,1788120367,2026-08-31T05:06:07+09:00
hyper_mscale_deeponet,20581,50000,1788120398,2026-08-31T05:06:38+09:00
hyper_mscale_deeponet,20614,50000,1788120428,2026-08-31T05:07:08+09:00
hyper_mscale_deeponet,20646,50000,1788120459,2026-08-31T05:07:39+09:00
hyper_mscale_deeponet,20679,50000,1788120490,2026-08-31T05:08:10+09:00
hyper_mscale_deeponet,20712,50000,1788120521,2026-08-31T05:08:41+09:00
hyper_mscale_deeponet,20745,50000,1788120552,2026-08-31T05:09:12+09:00
hyper_mscale_deeponet,20778,50000,1788120583,2026-08-31T05:09:43+09:00
hyper_mscale_deeponet,20811,50000,1788120614,2026-08-31T05:10:14+09:00
hyper_mscale_deeponet,20844,50000,1788120645,2026-08-31T05:10:45+09:00
hyper_mscale_deeponet,20876,50000,1788120675,2026-08-31T05:11:15+09:00
hyper_mscale_deeponet,20909,50000,1788120706,2026-08-31T05:11:46+09:00
hyper_mscale_deeponet,20942,50000,1788120737,2026-08-31T05:12:17+09:00
hyper_mscale_deeponet,20975,50000,1788120768,2026-08-31T05:12:48+09:00
hyper_mscale_deeponet,21007,50000,1788120799,2026-08-31T05:13:19+09:00
hyper_mscale_deeponet,21040,50000,1788120830,2026-08-31T05:13:50+09:00
hyper_mscale_deeponet,21073,50000,1788120861,2026-08-31T05:14:21+09:00
hyper_mscale_deeponet,21106,50000,1788120892,2026-08-31T05:14:52+09:00
hyper_mscale_deeponet,21138,50000,1788120922,2026-08-31T05:15:22+09:00
hyper_mscale_deeponet,21171,50000,1788120953,2026-08-31T05:15:53+09:00
hyper_mscale_deeponet,21204,50000,1788120984,2026-08-31T05:16:24+09:00
hyper_mscale_deeponet,21237,50000,1788121015,2026-08-31T05:16:55+09:00
hyper_mscale_deeponet,21270,50000,1788121046,2026-08-31T05:17:26+09:00
hyper_mscale_deeponet,21303,50000,1788121077,2026-08-31T05:17:57+09:00
hyper_mscale_deeponet,21336,50000,1788121108,2026-08-31T05:18:28+09:00
hyper_mscale_deeponet,21369,50000,1788121139,2026-08-31T05:18:59+09:00
hyper_mscale_deeponet,21401,50000,1788121170,2026-08-31T05:19:30+09:00
hyper_mscale_deeponet,21434,50000,1788121200,2026-08-31T05:20:00+09:00
hyper_mscale_deeponet,21467,50000,1788121231,2026-08-31T05:20:31+09:00
hyper_mscale_deeponet,21500,50000,1788121262,2026-08-31T05:21:02+09:00
hyper_mscale_deeponet,21533,50000,1788121293,2026-08-31T05:21:33+09:00
hyper_mscale_deeponet,21566,50000,1788121324,2026-08-31T05:22:04+09:00
hyper_mscale_deeponet,21599,50000,1788121355,2026-08-31T05:22:35+09:00
hyper_mscale_deeponet,21631,50000,1788121386,2026-08-31T05:23:06+09:00
hyper_mscale_deeponet,21664,50000,1788121417,2026-08-31T05:23:37+09:00
hyper_mscale_deeponet,21697,50000,1788121448,2026-08-31T05:24:08+09:00
hyper_mscale_deeponet,21730,50000,1788121478,2026-08-31T05:24:38+09:00
hyper_mscale_deeponet,21763,50000,1788121509,2026-08-31T05:25:09+09:00
hyper_mscale_deeponet,21795,50000,1788121540,2026-08-31T05:25:40+09:00
hyper_mscale_deeponet,21828,50000,1788121571,2026-08-31T05:26:11+09:00
hyper_mscale_deeponet,21861,50000,1788121602,2026-08-31T05:26:42+09:00
hyper_mscale_deeponet,21894,50000,1788121633,2026-08-31T05:27:13+09:00
hyper_mscale_deeponet,21927,50000,1788121664,2026-08-31T05:27:44+09:00
hyper_mscale_deeponet,21960,50000,1788121695,2026-08-31T05:28:15+09:00
hyper_mscale_deeponet,21993,50000,1788121726,2026-08-31T05:28:46+09:00
hyper_mscale_deeponet,22025,50000,1788121756,2026-08-31T05:29:16+09:00
hyper_mscale_deeponet,22058,50000,1788121787,2026-08-31T05:29:47+09:00
hyper_mscale_deeponet,22091,50000,1788121818,2026-08-31T05:30:18+09:00
hyper_mscale_deeponet,22124,50000,1788121849,2026-08-31T05:30:49+09:00
hyper_mscale_deeponet,22156,50000,1788121880,2026-08-31T05:31:20+09:00
hyper_mscale_deeponet,22189,50000,1788121911,2026-08-31T05:31:51+09:00
hyper_mscale_deeponet,22222,50000,1788121942,2026-08-31T05:32:22+09:00
hyper_mscale_deeponet,22255,50000,1788121973,2026-08-31T05:32:53+09:00
hyper_mscale_deeponet,22287,50000,1788122004,2026-08-31T05:33:24+09:00
hyper_mscale_deeponet,22320,50000,1788122035,2026-08-31T05:33:55+09:00
hyper_mscale_deeponet,22353,50000,1788122065,2026-08-31T05:34:25+09:00
hyper_mscale_deeponet,22386,50000,1788122096,2026-08-31T05:34:56+09:00
hyper_mscale_deeponet,22419,50000,1788122127,2026-08-31T05:35:27+09:00
hyper_mscale_deeponet,22451,50000,1788122158,2026-08-31T05:35:58+09:00
hyper_mscale_deeponet,22484,50000,1788122189,2026-08-31T05:36:29+09:00
hyper_mscale_deeponet,22517,50000,1788122220,2026-08-31T05:37:00+09:00
hyper_mscale_deeponet,22550,50000,1788122251,2026-08-31T05:37:31+09:00
hyper_mscale_deeponet,22583,50000,1788122282,2026-08-31T05:38:02+09:00
hyper_mscale_deeponet,22616,50000,1788122313,2026-08-31T05:38:33+09:00
hyper_mscale_deeponet,22648,50000,1788122344,2026-08-31T05:39:04+09:00
hyper_mscale_deeponet,22681,50000,1788122375,2026-08-31T05:39:35+09:00
hyper_mscale_deeponet,22714,50000,1788122405,2026-08-31T05:40:05+09:00
hyper_mscale_deeponet,22747,50000,1788122436,2026-08-31T05:40:36+09:00
hyper_mscale_deeponet,22779,50000,1788122467,2026-08-31T05:41:07+09:00
hyper_mscale_deeponet,22812,50000,1788122498,2026-08-31T05:41:38+09:00
hyper_mscale_deeponet,22845,50000,1788122529,2026-08-31T05:42:09+09:00
hyper_mscale_deeponet,22877,50000,1788122560,2026-08-31T05:42:40+09:00
hyper_mscale_deeponet,22910,50000,1788122591,2026-08-31T05:43:11+09:00
hyper_mscale_deeponet,22943,50000,1788122622,2026-08-31T05:43:42+09:00
hyper_mscale_deeponet,22976,50000,1788122653,2026-08-31T05:44:13+09:00
hyper_mscale_deeponet,23009,50000,1788122684,2026-08-31T05:44:44+09:00
hyper_mscale_deeponet,23042,50000,1788122715,2026-08-31T05:45:15+09:00
hyper_mscale_deeponet,23075,50000,1788122745,2026-08-31T05:45:45+09:00
hyper_mscale_deeponet,23108,50000,1788122776,2026-08-31T05:46:16+09:00
hyper_mscale_deeponet,23140,50000,1788122807,2026-08-31T05:46:47+09:00
hyper_mscale_deeponet,23173,50000,1788122838,2026-08-31T05:47:18+09:00
hyper_mscale_deeponet,23206,50000,1788122869,2026-08-31T05:47:49+09:00
hyper_mscale_deeponet,23239,50000,1788122900,2026-08-31T05:48:20+09:00
hyper_mscale_deeponet,23272,50000,1788122931,2026-08-31T05:48:51+09:00
hyper_mscale_deeponet,23304,50000,1788122962,2026-08-31T05:49:22+09:00
hyper_mscale_deeponet,23338,50000,1788122993,2026-08-31T05:49:53+09:00
hyper_mscale_deeponet,23370,50000,1788123024,2026-08-31T05:50:24+09:00
hyper_mscale_deeponet,23403,50000,1788123055,2026-08-31T05:50:55+09:00
hyper_mscale_deeponet,23436,50000,1788123085,2026-08-31T05:51:25+09:00
hyper_mscale_deeponet,23470,50000,1788123116,2026-08-31T05:51:56+09:00
hyper_mscale_deeponet,23502,50000,1788123147,2026-08-31T05:52:27+09:00
hyper_mscale_deeponet,23535,50000,1788123178,2026-08-31T05:52:58+09:00
hyper_mscale_deeponet,23568,50000,1788123209,2026-08-31T05:53:29+09:00
hyper_mscale_deeponet,23601,50000,1788123240,2026-08-31T05:54:00+09:00
hyper_mscale_deeponet,23634,50000,1788123271,2026-08-31T05:54:31+09:00
hyper_mscale_deeponet,23667,50000,1788123302,2026-08-31T05:55:02+09:00
hyper_mscale_deeponet,23700,50000,1788123333,2026-08-31T05:55:33+09:00
hyper_mscale_deeponet,23733,50000,1788123364,2026-08-31T05:56:04+09:00
hyper_mscale_deeponet,23765,50000,1788123395,2026-08-31T05:56:35+09:00
hyper_mscale_deeponet,23798,50000,1788123426,2026-08-31T05:57:06+09:00
hyper_mscale_deeponet,23832,50000,1788123457,2026-08-31T05:57:37+09:00
hyper_mscale_deeponet,23864,50000,1788123488,2026-08-31T05:58:08+09:00
hyper_mscale_deeponet,23897,50000,1788123518,2026-08-31T05:58:38+09:00
hyper_mscale_deeponet,23930,50000,1788123549,2026-08-31T05:59:09+09:00
hyper_mscale_deeponet,23963,50000,1788123580,2026-08-31T05:59:40+09:00
hyper_mscale_deeponet,23996,50000,1788123611,2026-08-31T06:00:11+09:00
hyper_mscale_deeponet,24029,50000,1788123642,2026-08-31T06:00:42+09:00
hyper_mscale_deeponet,24062,50000,1788123673,2026-08-31T06:01:13+09:00
hyper_mscale_deeponet,24095,50000,1788123704,2026-08-31T06:01:44+09:00
hyper_mscale_deeponet,24128,50000,1788123735,2026-08-31T06:02:15+09:00
hyper_mscale_deeponet,24161,50000,1788123766,2026-08-31T06:02:46+09:00
hyper_mscale_deeponet,24194,50000,1788123797,2026-08-31T06:03:17+09:00
hyper_mscale_deeponet,24227,50000,1788123828,2026-08-31T06:03:48+09:00
hyper_mscale_deeponet,24260,50000,1788123859,2026-08-31T06:04:19+09:00
hyper_mscale_deeponet,24293,50000,1788123889,2026-08-31T06:04:49+09:00
hyper_mscale_deeponet,24326,50000,1788123920,2026-08-31T06:05:20+09:00
hyper_mscale_deeponet,24359,50000,1788123951,2026-08-31T06:05:51+09:00
hyper_mscale_deeponet,24392,50000,1788123982,2026-08-31T06:06:22+09:00
hyper_mscale_deeponet,24425,50000,1788124013,2026-08-31T06:06:53+09:00
hyper_mscale_deeponet,24458,50000,1788124044,2026-08-31T06:07:24+09:00
hyper_mscale_deeponet,24490,50000,1788124075,2026-08-31T06:07:55+09:00
hyper_mscale_deeponet,24523,50000,1788124106,2026-08-31T06:08:26+09:00
hyper_mscale_deeponet,24556,50000,1788124137,2026-08-31T06:08:57+09:00
hyper_mscale_deeponet,24589,50000,1788124168,2026-08-31T06:09:28+09:00
hyper_mscale_deeponet,24622,50000,1788124199,2026-08-31T06:09:59+09:00
hyper_mscale_deeponet,24655,50000,1788124230,2026-08-31T06:10:30+09:00
hyper_mscale_deeponet,24688,50000,1788124261,2026-08-31T06:11:01+09:00
hyper_mscale_deeponet,24721,50000,1788124292,2026-08-31T06:11:32+09:00
hyper_mscale_deeponet,24754,50000,1788124323,2026-08-31T06:12:03+09:00
hyper_mscale_deeponet,24787,50000,1788124353,2026-08-31T06:12:33+09:00
hyper_mscale_deeponet,24820,50000,1788124384,2026-08-31T06:13:04+09:00
hyper_mscale_deeponet,24853,50000,1788124415,2026-08-31T06:13:35+09:00
hyper_mscale_deeponet,24885,50000,1788124446,2026-08-31T06:14:06+09:00
hyper_mscale_deeponet,24918,50000,1788124477,2026-08-31T06:14:37+09:00
hyper_mscale_deeponet,24951,50000,1788124508,2026-08-31T06:15:08+09:00
hyper_mscale_deeponet,24984,50000,1788124539,2026-08-31T06:15:39+09:00
hyper_mscale_deeponet,25017,50000,1788124570,2026-08-31T06:16:10+09:00
hyper_mscale_deeponet,25050,50000,1788124601,2026-08-31T06:16:41+09:00
hyper_mscale_deeponet,25083,50000,1788124632,2026-08-31T06:17:12+09:00
hyper_mscale_deeponet,25116,50000,1788124663,2026-08-31T06:17:43+09:00
hyper_mscale_deeponet,25148,50000,1788124694,2026-08-31T06:18:14+09:00
hyper_mscale_deeponet,25181,50000,1788124725,2026-08-31T06:18:45+09:00
hyper_mscale_deeponet,25214,50000,1788124756,2026-08-31T06:19:16+09:00
hyper_mscale_deeponet,25247,50000,1788124787,2026-08-31T06:19:47+09:00
hyper_mscale_deeponet,25280,50000,1788124817,2026-08-31T06:20:17+09:00
hyper_mscale_deeponet,25312,50000,1788124848,2026-08-31T06:20:48+09:00
hyper_mscale_deeponet,25345,50000,1788124879,2026-08-31T06:21:19+09:00
hyper_mscale_deeponet,25378,50000,1788124910,2026-08-31T06:21:50+09:00
hyper_mscale_deeponet,25411,50000,1788124941,2026-08-31T06:22:21+09:00
hyper_mscale_deeponet,25443,50000,1788124972,2026-08-31T06:22:52+09:00
hyper_mscale_deeponet,25476,50000,1788125003,2026-08-31T06:23:23+09:00
hyper_mscale_deeponet,25509,50000,1788125034,2026-08-31T06:23:54+09:00
hyper_mscale_deeponet,25542,50000,1788125065,2026-08-31T06:24:25+09:00
hyper_mscale_deeponet,25575,50000,1788125096,2026-08-31T06:24:56+09:00
hyper_mscale_deeponet,25607,50000,1788125127,2026-08-31T06:25:27+09:00
hyper_mscale_deeponet,25640,50000,1788125158,2026-08-31T06:25:58+09:00
hyper_mscale_deeponet,25673,50000,1788125189,2026-08-31T06:26:29+09:00
hyper_mscale_deeponet,25706,50000,1788125220,2026-08-31T06:27:00+09:00
hyper_mscale_deeponet,25739,50000,1788125251,2026-08-31T06:27:31+09:00
hyper_mscale_deeponet,25772,50000,1788125282,2026-08-31T06:28:02+09:00
hyper_mscale_deeponet,25804,50000,1788125312,2026-08-31T06:28:32+09:00
hyper_mscale_deeponet,25837,50000,1788125343,2026-08-31T06:29:03+09:00
hyper_mscale_deeponet,25870,50000,1788125374,2026-08-31T06:29:34+09:00
hyper_mscale_deeponet,25903,50000,1788125405,2026-08-31T06:30:05+09:00
hyper_mscale_deeponet,25936,50000,1788125436,2026-08-31T06:30:36+09:00
hyper_mscale_deeponet,25969,50000,1788125467,2026-08-31T06:31:07+09:00
hyper_mscale_deeponet,26002,50000,1788125498,2026-08-31T06:31:38+09:00
hyper_mscale_deeponet,26034,50000,1788125529,2026-08-31T06:32:09+09:00
hyper_mscale_deeponet,26067,50000,1788125560,2026-08-31T06:32:40+09:00
hyper_mscale_deeponet,26100,50000,1788125591,2026-08-31T06:33:11+09:00
hyper_mscale_deeponet,26133,50000,1788125622,2026-08-31T06:33:42+09:00
hyper_mscale_deeponet,26166,50000,1788125653,2026-08-31T06:34:13+09:00
hyper_mscale_deeponet,26199,50000,1788125684,2026-08-31T06:34:44+09:00
hyper_mscale_deeponet,26232,50000,1788125715,2026-08-31T06:35:15+09:00
hyper_mscale_deeponet,26265,50000,1788125746,2026-08-31T06:35:46+09:00
hyper_mscale_deeponet,26297,50000,1788125777,2026-08-31T06:36:17+09:00
hyper_mscale_deeponet,26330,50000,1788125808,2026-08-31T06:36:48+09:00
hyper_mscale_deeponet,26363,50000,1788125839,2026-08-31T06:37:19+09:00
hyper_mscale_deeponet,26396,50000,1788125869,2026-08-31T06:37:49+09:00
hyper_mscale_deeponet,26429,50000,1788125900,2026-08-31T06:38:20+09:00
hyper_mscale_deeponet,26462,50000,1788125931,2026-08-31T06:38:51+09:00
hyper_mscale_deeponet,26495,50000,1788125962,2026-08-31T06:39:22+09:00
hyper_mscale_deeponet,26528,50000,1788125993,2026-08-31T06:39:53+09:00
hyper_mscale_deeponet,26561,50000,1788126024,2026-08-31T06:40:24+09:00
hyper_mscale_deeponet,26594,50000,1788126055,2026-08-31T06:40:55+09:00
hyper_mscale_deeponet,26627,50000,1788126086,2026-08-31T06:41:26+09:00
hyper_mscale_deeponet,26660,50000,1788126117,2026-08-31T06:41:57+09:00
hyper_mscale_deeponet,26693,50000,1788126148,2026-08-31T06:42:28+09:00
hyper_mscale_deeponet,26726,50000,1788126179,2026-08-31T06:42:59+09:00
hyper_mscale_deeponet,26759,50000,1788126210,2026-08-31T06:43:30+09:00
hyper_mscale_deeponet,26792,50000,1788126241,2026-08-31T06:44:01+09:00
hyper_mscale_deeponet,26825,50000,1788126272,2026-08-31T06:44:32+09:00
hyper_mscale_deeponet,26858,50000,1788126303,2026-08-31T06:45:03+09:00
hyper_mscale_deeponet,26892,50000,1788126334,2026-08-31T06:45:34+09:00
hyper_mscale_deeponet,26925,50000,1788126365,2026-08-31T06:46:05+09:00
hyper_mscale_deeponet,26957,50000,1788126396,2026-08-31T06:46:36+09:00
hyper_mscale_deeponet,26991,50000,1788126427,2026-08-31T06:47:07+09:00
hyper_mscale_deeponet,27023,50000,1788126458,2026-08-31T06:47:38+09:00
hyper_mscale_deeponet,27056,50000,1788126489,2026-08-31T06:48:09+09:00
hyper_mscale_deeponet,27089,50000,1788126519,2026-08-31T06:48:39+09:00
hyper_mscale_deeponet,27122,50000,1788126550,2026-08-31T06:49:10+09:00
hyper_mscale_deeponet,27155,50000,1788126581,2026-08-31T06:49:41+09:00
hyper_mscale_deeponet,27188,50000,1788126612,2026-08-31T06:50:12+09:00
hyper_mscale_deeponet,27221,50000,1788126643,2026-08-31T06:50:43+09:00
hyper_mscale_deeponet,27254,50000,1788126674,2026-08-31T06:51:14+09:00
hyper_mscale_deeponet,27287,50000,1788126705,2026-08-31T06:51:45+09:00
hyper_mscale_deeponet,27320,50000,1788126736,2026-08-31T06:52:16+09:00
hyper_mscale_deeponet,27353,50000,1788126767,2026-08-31T06:52:47+09:00
hyper_mscale_deeponet,27386,50000,1788126798,2026-08-31T06:53:18+09:00
hyper_mscale_deeponet,27418,50000,1788126829,2026-08-31T06:53:49+09:00
hyper_mscale_deeponet,27451,50000,1788126860,2026-08-31T06:54:20+09:00
hyper_mscale_deeponet,27484,50000,1788126891,2026-08-31T06:54:51+09:00
hyper_mscale_deeponet,27517,50000,1788126922,2026-08-31T06:55:22+09:00
hyper_mscale_deeponet,27550,50000,1788126953,2026-08-31T06:55:53+09:00
hyper_mscale_deeponet,27583,50000,1788126984,2026-08-31T06:56:24+09:00
hyper_mscale_deeponet,27616,50000,1788127015,2026-08-31T06:56:55+09:00
hyper_mscale_deeponet,27649,50000,1788127046,2026-08-31T06:57:26+09:00
hyper_mscale_deeponet,27682,50000,1788127077,2026-08-31T06:57:57+09:00
hyper_mscale_deeponet,27715,50000,1788127108,2026-08-31T06:58:28+09:00
hyper_mscale_deeponet,27748,50000,1788127139,2026-08-31T06:58:59+09:00
hyper_mscale_deeponet,27781,50000,1788127170,2026-08-31T06:59:30+09:00
hyper_mscale_deeponet,27814,50000,1788127201,2026-08-31T07:00:01+09:00
hyper_mscale_deeponet,27846,50000,1788127232,2026-08-31T07:00:32+09:00
hyper_mscale_deeponet,27879,50000,1788127263,2026-08-31T07:01:03+09:00
hyper_mscale_deeponet,27912,50000,1788127294,2026-08-31T07:01:34+09:00
hyper_mscale_deeponet,27945,50000,1788127325,2026-08-31T07:02:05+09:00
hyper_mscale_deeponet,27978,50000,1788127356,2026-08-31T07:02:36+09:00
hyper_mscale_deeponet,28011,50000,1788127386,2026-08-31T07:03:06+09:00
hyper_mscale_deeponet,28043,50000,1788127417,2026-08-31T07:03:37+09:00
hyper_mscale_deeponet,28076,50000,1788127448,2026-08-31T07:04:08+09:00
hyper_mscale_deeponet,28109,50000,1788127479,2026-08-31T07:04:39+09:00
hyper_mscale_deeponet,28142,50000,1788127510,2026-08-31T07:05:10+09:00
hyper_mscale_deeponet,28175,50000,1788127541,2026-08-31T07:05:41+09:00
hyper_mscale_deeponet,28208,50000,1788127572,2026-08-31T07:06:12+09:00
hyper_mscale_deeponet,28241,50000,1788127603,2026-08-31T07:06:43+09:00
hyper_mscale_deeponet,28274,50000,1788127634,2026-08-31T07:07:14+09:00
hyper_mscale_deeponet,28306,50000,1788127665,2026-08-31T07:07:45+09:00
hyper_mscale_deeponet,28339,50000,1788127696,2026-08-31T07:08:16+09:00
hyper_mscale_deeponet,28372,50000,1788127727,2026-08-31T07:08:47+09:00
hyper_mscale_deeponet,28405,50000,1788127758,2026-08-31T07:09:18+09:00
hyper_mscale_deeponet,28438,50000,1788127789,2026-08-31T07:09:49+09:00
hyper_mscale_deeponet,28470,50000,1788127820,2026-08-31T07:10:20+09:00
hyper_mscale_deeponet,28503,50000,1788127851,2026-08-31T07:10:51+09:00
hyper_mscale_deeponet,28536,50000,1788127882,2026-08-31T07:11:22+09:00
hyper_mscale_deeponet,28569,50000,1788127913,2026-08-31T07:11:53+09:00
hyper_mscale_deeponet,28602,50000,1788127944,2026-08-31T07:12:24+09:00
hyper_mscale_deeponet,28635,50000,1788127975,2026-08-31T07:12:55+09:00
hyper_mscale_deeponet,28667,50000,1788128006,2026-08-31T07:13:26+09:00
hyper_mscale_deeponet,28700,50000,1788128037,2026-08-31T07:13:57+09:00
hyper_mscale_deeponet,28733,50000,1788128068,2026-08-31T07:14:28+09:00
hyper_mscale_deeponet,28767,50000,1788128099,2026-08-31T07:14:59+09:00
hyper_mscale_deeponet,28799,50000,1788128130,2026-08-31T07:15:30+09:00
hyper_mscale_deeponet,28832,50000,1788128161,2026-08-31T07:16:01+09:00
hyper_mscale_deeponet,28865,50000,1788128192,2026-08-31T07:16:32+09:00
hyper_mscale_deeponet,28898,50000,1788128223,2026-08-31T07:17:03+09:00
hyper_mscale_deeponet,28931,50000,1788128254,2026-08-31T07:17:34+09:00
hyper_mscale_deeponet,28964,50000,1788128285,2026-08-31T07:18:05+09:00
hyper_mscale_deeponet,28997,50000,1788128316,2026-08-31T07:18:36+09:00
hyper_mscale_deeponet,29029,50000,1788128347,2026-08-31T07:19:07+09:00
hyper_mscale_deeponet,29062,50000,1788128378,2026-08-31T07:19:38+09:00
hyper_mscale_deeponet,29095,50000,1788128409,2026-08-31T07:20:09+09:00
hyper_mscale_deeponet,29128,50000,1788128440,2026-08-31T07:20:40+09:00
hyper_mscale_deeponet,29161,50000,1788128471,2026-08-31T07:21:11+09:00
hyper_mscale_deeponet,29194,50000,1788128502,2026-08-31T07:21:42+09:00
hyper_mscale_deeponet,29227,50000,1788128533,2026-08-31T07:22:13+09:00
hyper_mscale_deeponet,29260,50000,1788128564,2026-08-31T07:22:44+09:00
hyper_mscale_deeponet,29293,50000,1788128595,2026-08-31T07:23:15+09:00
hyper_mscale_deeponet,29326,50000,1788128626,2026-08-31T07:23:46+09:00
hyper_mscale_deeponet,29358,50000,1788128657,2026-08-31T07:24:17+09:00
hyper_mscale_deeponet,29391,50000,1788128688,2026-08-31T07:24:48+09:00
hyper_mscale_deeponet,29424,50000,1788128719,2026-08-31T07:25:19+09:00
hyper_mscale_deeponet,29457,50000,1788128750,2026-08-31T07:25:50+09:00
hyper_mscale_deeponet,29490,50000,1788128781,2026-08-31T07:26:21+09:00
hyper_mscale_deeponet,29523,50000,1788128812,2026-08-31T07:26:52+09:00
hyper_mscale_deeponet,29556,50000,1788128843,2026-08-31T07:27:23+09:00
hyper_mscale_deeponet,29589,50000,1788128874,2026-08-31T07:27:54+09:00
hyper_mscale_deeponet,29622,50000,1788128905,2026-08-31T07:28:25+09:00
hyper_mscale_deeponet,29654,50000,1788128936,2026-08-31T07:28:56+09:00
hyper_mscale_deeponet,29687,50000,1788128967,2026-08-31T07:29:27+09:00
hyper_mscale_deeponet,29720,50000,1788128998,2026-08-31T07:29:58+09:00
hyper_mscale_deeponet,29753,50000,1788129029,2026-08-31T07:30:29+09:00
hyper_mscale_deeponet,29786,50000,1788129060,2026-08-31T07:31:00+09:00
hyper_mscale_deeponet,29819,50000,1788129091,2026-08-31T07:31:31+09:00
hyper_mscale_deeponet,29852,50000,1788129122,2026-08-31T07:32:02+09:00
hyper_mscale_deeponet,29885,50000,1788129153,2026-08-31T07:32:33+09:00
hyper_mscale_deeponet,29918,50000,1788129184,2026-08-31T07:33:04+09:00
hyper_mscale_deeponet,29951,50000,1788129215,2026-08-31T07:33:35+09:00
hyper_mscale_deeponet,29984,50000,1788129246,2026-08-31T07:34:06+09:00
hyper_mscale_deeponet,30017,50000,1788129277,2026-08-31T07:34:37+09:00
hyper_mscale_deeponet,30050,50000,1788129308,2026-08-31T07:35:08+09:00
hyper_mscale_deeponet,30082,50000,1788129339,2026-08-31T07:35:39+09:00
hyper_mscale_deeponet,30115,50000,1788129370,2026-08-31T07:36:10+09:00
hyper_mscale_deeponet,30148,50000,1788129401,2026-08-31T07:36:41+09:00
hyper_mscale_deeponet,30181,50000,1788129432,2026-08-31T07:37:12+09:00
hyper_mscale_deeponet,30214,50000,1788129462,2026-08-31T07:37:42+09:00
hyper_mscale_deeponet,30246,50000,1788129493,2026-08-31T07:38:13+09:00
hyper_mscale_deeponet,30279,50000,1788129524,2026-08-31T07:38:44+09:00
hyper_mscale_deeponet,30312,50000,1788129555,2026-08-31T07:39:15+09:00
hyper_mscale_deeponet,30345,50000,1788129586,2026-08-31T07:39:46+09:00
hyper_mscale_deeponet,30378,50000,1788129617,2026-08-31T07:40:17+09:00
hyper_mscale_deeponet,30411,50000,1788129648,2026-08-31T07:40:48+09:00
hyper_mscale_deeponet,30444,50000,1788129679,2026-08-31T07:41:19+09:00
hyper_mscale_deeponet,30477,50000,1788129710,2026-08-31T07:41:50+09:00
hyper_mscale_deeponet,30510,50000,1788129741,2026-08-31T07:42:21+09:00
hyper_mscale_deeponet,30543,50000,1788129772,2026-08-31T07:42:52+09:00
hyper_mscale_deeponet,30576,50000,1788129803,2026-08-31T07:43:23+09:00
hyper_mscale_deeponet,30608,50000,1788129834,2026-08-31T07:43:54+09:00
hyper_mscale_deeponet,30641,50000,1788129865,2026-08-31T07:44:25+09:00
hyper_mscale_deeponet,30674,50000,1788129896,2026-08-31T07:44:56+09:00
hyper_mscale_deeponet,30707,50000,1788129927,2026-08-31T07:45:27+09:00
hyper_mscale_deeponet,30740,50000,1788129958,2026-08-31T07:45:58+09:00
hyper_mscale_deeponet,30773,50000,1788129989,2026-08-31T07:46:29+09:00
hyper_mscale_deeponet,30806,50000,1788130020,2026-08-31T07:47:00+09:00
hyper_mscale_deeponet,30838,50000,1788130051,2026-08-31T07:47:31+09:00
hyper_mscale_deeponet,30871,50000,1788130082,2026-08-31T07:48:02+09:00
hyper_mscale_deeponet,30904,50000,1788130113,2026-08-31T07:48:33+09:00
hyper_mscale_deeponet,30937,50000,1788130144,2026-08-31T07:49:04+09:00
hyper_mscale_deeponet,30970,50000,1788130175,2026-08-31T07:49:35+09:00
hyper_mscale_deeponet,31003,50000,1788130206,2026-08-31T07:50:06+09:00
hyper_mscale_deeponet,31036,50000,1788130237,2026-08-31T07:50:37+09:00
hyper_mscale_deeponet,31069,50000,1788130268,2026-08-31T07:51:08+09:00
hyper_mscale_deeponet,31102,50000,1788130299,2026-08-31T07:51:39+09:00
hyper_mscale_deeponet,31134,50000,1788130330,2026-08-31T07:52:10+09:00
hyper_mscale_deeponet,31167,50000,1788130361,2026-08-31T07:52:41+09:00
hyper_mscale_deeponet,31200,50000,1788130392,2026-08-31T07:53:12+09:00
hyper_mscale_deeponet,31233,50000,1788130423,2026-08-31T07:53:43+09:00
hyper_mscale_deeponet,31266,50000,1788130454,2026-08-31T07:54:14+09:00
hyper_mscale_deeponet,31299,50000,1788130485,2026-08-31T07:54:45+09:00
hyper_mscale_deeponet,31332,50000,1788130516,2026-08-31T07:55:16+09:00
hyper_mscale_deeponet,31364,50000,1788130547,2026-08-31T07:55:47+09:00
hyper_mscale_deeponet,31397,50000,1788130578,2026-08-31T07:56:18+09:00
hyper_mscale_deeponet,31430,50000,1788130609,2026-08-31T07:56:49+09:00
hyper_mscale_deeponet,31463,50000,1788130640,2026-08-31T07:57:20+09:00
hyper_mscale_deeponet,31496,50000,1788130671,2026-08-31T07:57:51+09:00
hyper_mscale_deeponet,31529,50000,1788130702,2026-08-31T07:58:22+09:00
hyper_mscale_deeponet,31562,50000,1788130733,2026-08-31T07:58:53+09:00
hyper_mscale_deeponet,31595,50000,1788130764,2026-08-31T07:59:24+09:00
hyper_mscale_deeponet,31627,50000,1788130795,2026-08-31T07:59:55+09:00
hyper_mscale_deeponet,31660,50000,1788130826,2026-08-31T08:00:26+09:00
hyper_mscale_deeponet,31693,50000,1788130857,2026-08-31T08:00:57+09:00
hyper_mscale_deeponet,31726,50000,1788130888,2026-08-31T08:01:28+09:00
hyper_mscale_deeponet,31759,50000,1788130919,2026-08-31T08:01:59+09:00
hyper_mscale_deeponet,31792,50000,1788130950,2026-08-31T08:02:30+09:00
hyper_mscale_deeponet,31825,50000,1788130981,2026-08-31T08:03:01+09:00
hyper_mscale_deeponet,31857,50000,1788131012,2026-08-31T08:03:32+09:00
hyper_mscale_deeponet,31890,50000,1788131043,2026-08-31T08:04:03+09:00
hyper_mscale_deeponet,31923,50000,1788131074,2026-08-31T08:04:34+09:00
hyper_mscale_deeponet,31956,50000,1788131105,2026-08-31T08:05:05+09:00
hyper_mscale_deeponet,31989,50000,1788131136,2026-08-31T08:05:36+09:00
hyper_mscale_deeponet,32022,50000,1788131167,2026-08-31T08:06:07+09:00
hyper_mscale_deeponet,32055,50000,1788131198,2026-08-31T08:06:38+09:00
hyper_mscale_deeponet,32088,50000,1788131229,2026-08-31T08:07:09+09:00
hyper_mscale_deeponet,32121,50000,1788131260,2026-08-31T08:07:40+09:00
hyper_mscale_deeponet,32154,50000,1788131291,2026-08-31T08:08:11+09:00
hyper_mscale_deeponet,32187,50000,1788131322,2026-08-31T08:08:42+09:00
hyper_mscale_deeponet,32220,50000,1788131353,2026-08-31T08:09:13+09:00
hyper_mscale_deeponet,32252,50000,1788131384,2026-08-31T08:09:44+09:00
hyper_mscale_deeponet,32285,50000,1788131415,2026-08-31T08:10:15+09:00
hyper_mscale_deeponet,32318,50000,1788131446,2026-08-31T08:10:46+09:00
hyper_mscale_deeponet,32351,50000,1788131477,2026-08-31T08:11:17+09:00
hyper_mscale_deeponet,32384,50000,1788131508,2026-08-31T08:11:48+09:00
hyper_mscale_deeponet,32417,50000,1788131539,2026-08-31T08:12:19+09:00
hyper_mscale_deeponet,32450,50000,1788131570,2026-08-31T08:12:50+09:00
hyper_mscale_deeponet,32483,50000,1788131601,2026-08-31T08:13:21+09:00
hyper_mscale_deeponet,32516,50000,1788131632,2026-08-31T08:13:52+09:00
hyper_mscale_deeponet,32548,50000,1788131663,2026-08-31T08:14:23+09:00
hyper_mscale_deeponet,32581,50000,1788131694,2026-08-31T08:14:54+09:00
hyper_mscale_deeponet,32614,50000,1788131725,2026-08-31T08:15:25+09:00
hyper_mscale_deeponet,32647,50000,1788131756,2026-08-31T08:15:56+09:00
hyper_mscale_deeponet,32680,50000,1788131787,2026-08-31T08:16:27+09:00
hyper_mscale_deeponet,32713,50000,1788131818,2026-08-31T08:16:58+09:00
hyper_mscale_deeponet,32746,50000,1788131849,2026-08-31T08:17:29+09:00
hyper_mscale_deeponet,32779,50000,1788131880,2026-08-31T08:18:00+09:00
hyper_mscale_deeponet,32812,50000,1788131911,2026-08-31T08:18:31+09:00
hyper_mscale_deeponet,32845,50000,1788131942,2026-08-31T08:19:02+09:00
hyper_mscale_deeponet,32878,50000,1788131973,2026-08-31T08:19:33+09:00
hyper_mscale_deeponet,32910,50000,1788132004,2026-08-31T08:20:04+09:00
hyper_mscale_deeponet,32943,50000,1788132035,2026-08-31T08:20:35+09:00
hyper_mscale_deeponet,32976,50000,1788132066,2026-08-31T08:21:06+09:00
hyper_mscale_deeponet,33009,50000,1788132097,2026-08-31T08:21:37+09:00
hyper_mscale_deeponet,33042,50000,1788132128,2026-08-31T08:22:08+09:00
hyper_mscale_deeponet,33075,50000,1788132159,2026-08-31T08:22:39+09:00
hyper_mscale_deeponet,33107,50000,1788132190,2026-08-31T08:23:10+09:00
hyper_mscale_deeponet,33140,50000,1788132221,2026-08-31T08:23:41+09:00
hyper_mscale_deeponet,33173,50000,1788132252,2026-08-31T08:24:12+09:00
hyper_mscale_deeponet,33206,50000,1788132284,2026-08-31T08:24:44+09:00
hyper_mscale_deeponet,33239,50000,1788132315,2026-08-31T08:25:15+09:00
hyper_mscale_deeponet,33272,50000,1788132346,2026-08-31T08:25:46+09:00
hyper_mscale_deeponet,33305,50000,1788132377,2026-08-31T08:26:17+09:00
hyper_mscale_deeponet,33338,50000,1788132408,2026-08-31T08:26:48+09:00
hyper_mscale_deeponet,33371,50000,1788132439,2026-08-31T08:27:19+09:00
hyper_mscale_deeponet,33404,50000,1788132470,2026-08-31T08:27:50+09:00
hyper_mscale_deeponet,33437,50000,1788132501,2026-08-31T08:28:21+09:00
hyper_mscale_deeponet,33470,50000,1788132532,2026-08-31T08:28:52+09:00
hyper_mscale_deeponet,33502,50000,1788132563,2026-08-31T08:29:23+09:00
hyper_mscale_deeponet,33535,50000,1788132594,2026-08-31T08:29:54+09:00
hyper_mscale_deeponet,33568,50000,1788132625,2026-08-31T08:30:25+09:00
hyper_mscale_deeponet,33601,50000,1788132656,2026-08-31T08:30:56+09:00
hyper_mscale_deeponet,33634,50000,1788132687,2026-08-31T08:31:27+09:00
hyper_mscale_deeponet,33667,50000,1788132718,2026-08-31T08:31:58+09:00
hyper_mscale_deeponet,33700,50000,1788132749,2026-08-31T08:32:29+09:00
hyper_mscale_deeponet,33733,50000,1788132780,2026-08-31T08:33:00+09:00
hyper_mscale_deeponet,33766,50000,1788132811,2026-08-31T08:33:31+09:00
hyper_mscale_deeponet,33798,50000,1788132842,2026-08-31T08:34:02+09:00
hyper_mscale_deeponet,33831,50000,1788132873,2026-08-31T08:34:33+09:00
hyper_mscale_deeponet,33864,50000,1788132904,2026-08-31T08:35:04+09:00
hyper_mscale_deeponet,33897,50000,1788132935,2026-08-31T08:35:35+09:00
hyper_mscale_deeponet,33930,50000,1788132966,2026-08-31T08:36:06+09:00
hyper_mscale_deeponet,33963,50000,1788132997,2026-08-31T08:36:37+09:00
hyper_mscale_deeponet,33996,50000,1788133028,2026-08-31T08:37:08+09:00
hyper_mscale_deeponet,34029,50000,1788133059,2026-08-31T08:37:39+09:00
hyper_mscale_deeponet,34062,50000,1788133090,2026-08-31T08:38:10+09:00
hyper_mscale_deeponet,34095,50000,1788133121,2026-08-31T08:38:41+09:00
hyper_mscale_deeponet,34127,50000,1788133152,2026-08-31T08:39:12+09:00
hyper_mscale_deeponet,34160,50000,1788133183,2026-08-31T08:39:43+09:00
hyper_mscale_deeponet,34193,50000,1788133214,2026-08-31T08:40:14+09:00
hyper_mscale_deeponet,34226,50000,1788133245,2026-08-31T08:40:45+09:00
hyper_mscale_deeponet,34259,50000,1788133276,2026-08-31T08:41:16+09:00
hyper_mscale_deeponet,34292,50000,1788133307,2026-08-31T08:41:47+09:00
hyper_mscale_deeponet,34325,50000,1788133338,2026-08-31T08:42:18+09:00
hyper_mscale_deeponet,34358,50000,1788133370,2026-08-31T08:42:50+09:00
hyper_mscale_deeponet,34390,50000,1788133401,2026-08-31T08:43:21+09:00
hyper_mscale_deeponet,34423,50000,1788133432,2026-08-31T08:43:52+09:00
hyper_mscale_deeponet,34457,50000,1788133463,2026-08-31T08:44:23+09:00
hyper_mscale_deeponet,34489,50000,1788133494,2026-08-31T08:44:54+09:00
hyper_mscale_deeponet,34522,50000,1788133525,2026-08-31T08:45:25+09:00
hyper_mscale_deeponet,34555,50000,1788133556,2026-08-31T08:45:56+09:00
hyper_mscale_deeponet,34588,50000,1788133587,2026-08-31T08:46:27+09:00
hyper_mscale_deeponet,34621,50000,1788133618,2026-08-31T08:46:58+09:00
hyper_mscale_deeponet,34654,50000,1788133649,2026-08-31T08:47:29+09:00
hyper_mscale_deeponet,34687,50000,1788133680,2026-08-31T08:48:00+09:00
hyper_mscale_deeponet,34720,50000,1788133711,2026-08-31T08:48:31+09:00
hyper_mscale_deeponet,34753,50000,1788133742,2026-08-31T08:49:02+09:00
hyper_mscale_deeponet,34786,50000,1788133773,2026-08-31T08:49:33+09:00
hyper_mscale_deeponet,34819,50000,1788133804,2026-08-31T08:50:04+09:00
hyper_mscale_deeponet,34852,50000,1788133835,2026-08-31T08:50:35+09:00
hyper_mscale_deeponet,34884,50000,1788133866,2026-08-31T08:51:06+09:00
hyper_mscale_deeponet,34917,50000,1788133897,2026-08-31T08:51:37+09:00
hyper_mscale_deeponet,34950,50000,1788133928,2026-08-31T08:52:08+09:00
hyper_mscale_deeponet,34983,50000,1788133959,2026-08-31T08:52:39+09:00
hyper_mscale_deeponet,35016,50000,1788133990,2026-08-31T08:53:10+09:00
hyper_mscale_deeponet,35049,50000,1788134021,2026-08-31T08:53:41+09:00
hyper_mscale_deeponet,35082,50000,1788134053,2026-08-31T08:54:13+09:00
hyper_mscale_deeponet,35115,50000,1788134084,2026-08-31T08:54:44+09:00
hyper_mscale_deeponet,35148,50000,1788134115,2026-08-31T08:55:15+09:00
hyper_mscale_deeponet,35181,50000,1788134146,2026-08-31T08:55:46+09:00
hyper_mscale_deeponet,35214,50000,1788134177,2026-08-31T08:56:17+09:00
hyper_mscale_deeponet,35247,50000,1788134208,2026-08-31T08:56:48+09:00
hyper_mscale_deeponet,35280,50000,1788134239,2026-08-31T08:57:19+09:00
hyper_mscale_deeponet,35313,50000,1788134270,2026-08-31T08:57:50+09:00
hyper_mscale_deeponet,35346,50000,1788134301,2026-08-31T08:58:21+09:00
hyper_mscale_deeponet,35379,50000,1788134332,2026-08-31T08:58:52+09:00
hyper_mscale_deeponet,35412,50000,1788134363,2026-08-31T08:59:23+09:00
hyper_mscale_deeponet,35445,50000,1788134394,2026-08-31T08:59:54+09:00
hyper_mscale_deeponet,35478,50000,1788134425,2026-08-31T09:00:25+09:00
hyper_mscale_deeponet,35511,50000,1788134456,2026-08-31T09:00:56+09:00
hyper_mscale_deeponet,35544,50000,1788134487,2026-08-31T09:01:27+09:00
hyper_mscale_deeponet,35577,50000,1788134518,2026-08-31T09:01:58+09:00
hyper_mscale_deeponet,35609,50000,1788134549,2026-08-31T09:02:29+09:00
hyper_mscale_deeponet,35642,50000,1788134580,2026-08-31T09:03:00+09:00
hyper_mscale_deeponet,35675,50000,1788134611,2026-08-31T09:03:31+09:00
hyper_mscale_deeponet,35708,50000,1788134642,2026-08-31T09:04:02+09:00
hyper_mscale_deeponet,35741,50000,1788134674,2026-08-31T09:04:34+09:00
hyper_mscale_deeponet,35774,50000,1788134705,2026-08-31T09:05:05+09:00
hyper_mscale_deeponet,35807,50000,1788134736,2026-08-31T09:05:36+09:00
hyper_mscale_deeponet,35840,50000,1788134767,2026-08-31T09:06:07+09:00
hyper_mscale_deeponet,35873,50000,1788134798,2026-08-31T09:06:38+09:00
hyper_mscale_deeponet,35906,50000,1788134829,2026-08-31T09:07:09+09:00
hyper_mscale_deeponet,35939,50000,1788134860,2026-08-31T09:07:40+09:00
hyper_mscale_deeponet,35972,50000,1788134891,2026-08-31T09:08:11+09:00
hyper_mscale_deeponet,36005,50000,1788134922,2026-08-31T09:08:42+09:00
hyper_mscale_deeponet,36038,50000,1788134953,2026-08-31T09:09:13+09:00
hyper_mscale_deeponet,36071,50000,1788134984,2026-08-31T09:09:44+09:00
hyper_mscale_deeponet,36104,50000,1788135015,2026-08-31T09:10:15+09:00
hyper_mscale_deeponet,36137,50000,1788135046,2026-08-31T09:10:46+09:00
hyper_mscale_deeponet,36170,50000,1788135077,2026-08-31T09:11:17+09:00
hyper_mscale_deeponet,36203,50000,1788135108,2026-08-31T09:11:48+09:00
hyper_mscale_deeponet,36236,50000,1788135139,2026-08-31T09:12:19+09:00
hyper_mscale_deeponet,36269,50000,1788135170,2026-08-31T09:12:50+09:00
hyper_mscale_deeponet,36302,50000,1788135201,2026-08-31T09:13:21+09:00
hyper_mscale_deeponet,36335,50000,1788135233,2026-08-31T09:13:53+09:00
hyper_mscale_deeponet,36368,50000,1788135264,2026-08-31T09:14:24+09:00
hyper_mscale_deeponet,36401,50000,1788135295,2026-08-31T09:14:55+09:00
hyper_mscale_deeponet,36434,50000,1788135326,2026-08-31T09:15:26+09:00
hyper_mscale_deeponet,36467,50000,1788135357,2026-08-31T09:15:57+09:00
hyper_mscale_deeponet,36500,50000,1788135388,2026-08-31T09:16:28+09:00
hyper_mscale_deeponet,36533,50000,1788135419,2026-08-31T09:16:59+09:00
hyper_mscale_deeponet,36566,50000,1788135450,2026-08-31T09:17:30+09:00
hyper_mscale_deeponet,36599,50000,1788135481,2026-08-31T09:18:01+09:00
hyper_mscale_deeponet,36632,50000,1788135512,2026-08-31T09:18:32+09:00
hyper_mscale_deeponet,36666,50000,1788135543,2026-08-31T09:19:03+09:00
hyper_mscale_deeponet,36699,50000,1788135574,2026-08-31T09:19:34+09:00
hyper_mscale_deeponet,36732,50000,1788135606,2026-08-31T09:20:06+09:00
hyper_mscale_deeponet,36764,50000,1788135637,2026-08-31T09:20:37+09:00
hyper_mscale_deeponet,36797,50000,1788135668,2026-08-31T09:21:08+09:00
hyper_mscale_deeponet,36830,50000,1788135699,2026-08-31T09:21:39+09:00
hyper_mscale_deeponet,36863,50000,1788135730,2026-08-31T09:22:10+09:00
hyper_mscale_deeponet,36896,50000,1788135761,2026-08-31T09:22:41+09:00
hyper_mscale_deeponet,36929,50000,1788135792,2026-08-31T09:23:12+09:00
hyper_mscale_deeponet,36962,50000,1788135823,2026-08-31T09:23:43+09:00
hyper_mscale_deeponet,36995,50000,1788135854,2026-08-31T09:24:14+09:00
hyper_mscale_deeponet,37028,50000,1788135885,2026-08-31T09:24:45+09:00
hyper_mscale_deeponet,37061,50000,1788135916,2026-08-31T09:25:16+09:00
hyper_mscale_deeponet,37094,50000,1788135947,2026-08-31T09:25:47+09:00
hyper_mscale_deeponet,37127,50000,1788135978,2026-08-31T09:26:18+09:00
hyper_mscale_deeponet,37160,50000,1788136009,2026-08-31T09:26:49+09:00
hyper_mscale_deeponet,37193,50000,1788136041,2026-08-31T09:27:21+09:00
hyper_mscale_deeponet,37226,50000,1788136072,2026-08-31T09:27:52+09:00
hyper_mscale_deeponet,37259,50000,1788136103,2026-08-31T09:28:23+09:00
hyper_mscale_deeponet,37292,50000,1788136134,2026-08-31T09:28:54+09:00
hyper_mscale_deeponet,37324,50000,1788136165,2026-08-31T09:29:25+09:00
hyper_mscale_deeponet,37357,50000,1788136196,2026-08-31T09:29:56+09:00
hyper_mscale_deeponet,37390,50000,1788136227,2026-08-31T09:30:27+09:00
hyper_mscale_deeponet,37423,50000,1788136258,2026-08-31T09:30:58+09:00
hyper_mscale_deeponet,37456,50000,1788136289,2026-08-31T09:31:29+09:00
hyper_mscale_deeponet,37489,50000,1788136320,2026-08-31T09:32:00+09:00
hyper_mscale_deeponet,37522,50000,1788136351,2026-08-31T09:32:31+09:00
hyper_mscale_deeponet,37555,50000,1788136382,2026-08-31T09:33:02+09:00
hyper_mscale_deeponet,37588,50000,1788136413,2026-08-31T09:33:33+09:00
hyper_mscale_deeponet,37621,50000,1788136445,2026-08-31T09:34:05+09:00
hyper_mscale_deeponet,37655,50000,1788136476,2026-08-31T09:34:36+09:00
hyper_mscale_deeponet,37687,50000,1788136507,2026-08-31T09:35:07+09:00
hyper_mscale_deeponet,37720,50000,1788136538,2026-08-31T09:35:38+09:00
hyper_mscale_deeponet,37753,50000,1788136569,2026-08-31T09:36:09+09:00
hyper_mscale_deeponet,37786,50000,1788136600,2026-08-31T09:36:40+09:00
hyper_mscale_deeponet,37819,50000,1788136631,2026-08-31T09:37:11+09:00
hyper_mscale_deeponet,37852,50000,1788136662,2026-08-31T09:37:42+09:00
hyper_mscale_deeponet,37885,50000,1788136693,2026-08-31T09:38:13+09:00
hyper_mscale_deeponet,37918,50000,1788136724,2026-08-31T09:38:44+09:00
hyper_mscale_deeponet,37951,50000,1788136755,2026-08-31T09:39:15+09:00
hyper_mscale_deeponet,37984,50000,1788136787,2026-08-31T09:39:47+09:00
hyper_mscale_deeponet,38017,50000,1788136818,2026-08-31T09:40:18+09:00
hyper_mscale_deeponet,38050,50000,1788136849,2026-08-31T09:40:49+09:00
hyper_mscale_deeponet,38083,50000,1788136880,2026-08-31T09:41:20+09:00
hyper_mscale_deeponet,38116,50000,1788136911,2026-08-31T09:41:51+09:00
hyper_mscale_deeponet,38149,50000,1788136942,2026-08-31T09:42:22+09:00
hyper_mscale_deeponet,38182,50000,1788136973,2026-08-31T09:42:53+09:00
hyper_mscale_deeponet,38215,50000,1788137004,2026-08-31T09:43:24+09:00
hyper_mscale_deeponet,38248,50000,1788137035,2026-08-31T09:43:55+09:00
hyper_mscale_deeponet,38281,50000,1788137066,2026-08-31T09:44:26+09:00
hyper_mscale_deeponet,38314,50000,1788137097,2026-08-31T09:44:57+09:00
hyper_mscale_deeponet,38347,50000,1788137128,2026-08-31T09:45:28+09:00
hyper_mscale_deeponet,38380,50000,1788137160,2026-08-31T09:46:00+09:00
hyper_mscale_deeponet,38413,50000,1788137191,2026-08-31T09:46:31+09:00
hyper_mscale_deeponet,38446,50000,1788137222,2026-08-31T09:47:02+09:00
hyper_mscale_deeponet,38479,50000,1788137253,2026-08-31T09:47:33+09:00
hyper_mscale_deeponet,38512,50000,1788137284,2026-08-31T09:48:04+09:00
hyper_mscale_deeponet,38545,50000,1788137315,2026-08-31T09:48:35+09:00
hyper_mscale_deeponet,38578,50000,1788137346,2026-08-31T09:49:06+09:00
hyper_mscale_deeponet,38611,50000,1788137377,2026-08-31T09:49:37+09:00
hyper_mscale_deeponet,38644,50000,1788137408,2026-08-31T09:50:08+09:00
hyper_mscale_deeponet,38677,50000,1788137439,2026-08-31T09:50:39+09:00
hyper_mscale_deeponet,38710,50000,1788137470,2026-08-31T09:51:10+09:00
hyper_mscale_deeponet,38743,50000,1788137502,2026-08-31T09:51:42+09:00
hyper_mscale_deeponet,38776,50000,1788137533,2026-08-31T09:52:13+09:00
hyper_mscale_deeponet,38809,50000,1788137564,2026-08-31T09:52:44+09:00
hyper_mscale_deeponet,38842,50000,1788137595,2026-08-31T09:53:15+09:00
hyper_mscale_deeponet,38875,50000,1788137626,2026-08-31T09:53:46+09:00
hyper_mscale_deeponet,38908,50000,1788137657,2026-08-31T09:54:17+09:00
hyper_mscale_deeponet,38941,50000,1788137688,2026-08-31T09:54:48+09:00
hyper_mscale_deeponet,38974,50000,1788137719,2026-08-31T09:55:19+09:00
hyper_mscale_deeponet,39007,50000,1788137750,2026-08-31T09:55:50+09:00
hyper_mscale_deeponet,39040,50000,1788137782,2026-08-31T09:56:22+09:00
hyper_mscale_deeponet,39073,50000,1788137813,2026-08-31T09:56:53+09:00
hyper_mscale_deeponet,39106,50000,1788137844,2026-08-31T09:57:24+09:00
hyper_mscale_deeponet,39138,50000,1788137875,2026-08-31T09:57:55+09:00
hyper_mscale_deeponet,39171,50000,1788137906,2026-08-31T09:58:26+09:00
hyper_mscale_deeponet,39204,50000,1788137937,2026-08-31T09:58:57+09:00
hyper_mscale_deeponet,39237,50000,1788137968,2026-08-31T09:59:28+09:00
hyper_mscale_deeponet,39270,50000,1788137999,2026-08-31T09:59:59+09:00
hyper_mscale_deeponet,39303,50000,1788138030,2026-08-31T10:00:30+09:00
hyper_mscale_deeponet,39336,50000,1788138062,2026-08-31T10:01:02+09:00
hyper_mscale_deeponet,39369,50000,1788138093,2026-08-31T10:01:33+09:00
hyper_mscale_deeponet,39402,50000,1788138124,2026-08-31T10:02:04+09:00
hyper_mscale_deeponet,39435,50000,1788138155,2026-08-31T10:02:35+09:00
hyper_mscale_deeponet,39468,50000,1788138186,2026-08-31T10:03:06+09:00
hyper_mscale_deeponet,39501,50000,1788138217,2026-08-31T10:03:37+09:00
hyper_mscale_deeponet,39534,50000,1788138248,2026-08-31T10:04:08+09:00
hyper_mscale_deeponet,39567,50000,1788138279,2026-08-31T10:04:39+09:00
hyper_mscale_deeponet,39600,50000,1788138310,2026-08-31T10:05:10+09:00
hyper_mscale_deeponet,39633,50000,1788138341,2026-08-31T10:05:41+09:00
hyper_mscale_deeponet,39666,50000,1788138373,2026-08-31T10:06:13+09:00
hyper_mscale_deeponet,39699,50000,1788138404,2026-08-31T10:06:44+09:00
hyper_mscale_deeponet,39732,50000,1788138435,2026-08-31T10:07:15+09:00
hyper_mscale_deeponet,39765,50000,1788138466,2026-08-31T10:07:46+09:00
hyper_mscale_deeponet,39798,50000,1788138497,2026-08-31T10:08:17+09:00
hyper_mscale_deeponet,39831,50000,1788138528,2026-08-31T10:08:48+09:00
hyper_mscale_deeponet,39864,50000,1788138559,2026-08-31T10:09:19+09:00
hyper_mscale_deeponet,39897,50000,1788138590,2026-08-31T10:09:50+09:00
hyper_mscale_deeponet,39930,50000,1788138621,2026-08-31T10:10:21+09:00
hyper_mscale_deeponet,39963,50000,1788138653,2026-08-31T10:10:53+09:00
hyper_mscale_deeponet,39996,50000,1788138684,2026-08-31T10:11:24+09:00
hyper_mscale_deeponet,40029,50000,1788138715,2026-08-31T10:11:55+09:00
hyper_mscale_deeponet,40062,50000,1788138746,2026-08-31T10:12:26+09:00
hyper_mscale_deeponet,40095,50000,1788138777,2026-08-31T10:12:57+09:00
hyper_mscale_deeponet,40128,50000,1788138808,2026-08-31T10:13:28+09:00
hyper_mscale_deeponet,40161,50000,1788138839,2026-08-31T10:13:59+09:00
hyper_mscale_deeponet,40195,50000,1788138870,2026-08-31T10:14:30+09:00
hyper_mscale_deeponet,40228,50000,1788138902,2026-08-31T10:15:02+09:00
hyper_mscale_deeponet,40261,50000,1788138933,2026-08-31T10:15:33+09:00
hyper_mscale_deeponet,40294,50000,1788138964,2026-08-31T10:16:04+09:00
hyper_mscale_deeponet,40327,50000,1788138995,2026-08-31T10:16:35+09:00
hyper_mscale_deeponet,40360,50000,1788139026,2026-08-31T10:17:06+09:00
hyper_mscale_deeponet,40393,50000,1788139057,2026-08-31T10:17:37+09:00
hyper_mscale_deeponet,40426,50000,1788139088,2026-08-31T10:18:08+09:00
hyper_mscale_deeponet,40459,50000,1788139119,2026-08-31T10:18:39+09:00
hyper_mscale_deeponet,40492,50000,1788139151,2026-08-31T10:19:11+09:00
hyper_mscale_deeponet,40525,50000,1788139182,2026-08-31T10:19:42+09:00
hyper_mscale_deeponet,40558,50000,1788139213,2026-08-31T10:20:13+09:00
hyper_mscale_deeponet,40591,50000,1788139244,2026-08-31T10:20:44+09:00
hyper_mscale_deeponet,40624,50000,1788139275,2026-08-31T10:21:15+09:00
hyper_mscale_deeponet,40657,50000,1788139306,2026-08-31T10:21:46+09:00
hyper_mscale_deeponet,40690,50000,1788139337,2026-08-31T10:22:17+09:00
hyper_mscale_deeponet,40723,50000,1788139368,2026-08-31T10:22:48+09:00
hyper_mscale_deeponet,40756,50000,1788139399,2026-08-31T10:23:19+09:00
hyper_mscale_deeponet,40789,50000,1788139431,2026-08-31T10:23:51+09:00
hyper_mscale_deeponet,40822,50000,1788139462,2026-08-31T10:24:22+09:00
hyper_mscale_deeponet,40855,50000,1788139493,2026-08-31T10:24:53+09:00
hyper_mscale_deeponet,40888,50000,1788139524,2026-08-31T10:25:24+09:00
hyper_mscale_deeponet,40921,50000,1788139555,2026-08-31T10:25:55+09:00
hyper_mscale_deeponet,40954,50000,1788139586,2026-08-31T10:26:26+09:00
hyper_mscale_deeponet,40987,50000,1788139617,2026-08-31T10:26:57+09:00
hyper_mscale_deeponet,41020,50000,1788139649,2026-08-31T10:27:29+09:00
hyper_mscale_deeponet,41053,50000,1788139680,2026-08-31T10:28:00+09:00
hyper_mscale_deeponet,41086,50000,1788139711,2026-08-31T10:28:31+09:00
hyper_mscale_deeponet,41120,50000,1788139742,2026-08-31T10:29:02+09:00
hyper_mscale_deeponet,41153,50000,1788139773,2026-08-31T10:29:33+09:00
hyper_mscale_deeponet,41186,50000,1788139804,2026-08-31T10:30:04+09:00
hyper_mscale_deeponet,41219,50000,1788139835,2026-08-31T10:30:35+09:00
hyper_mscale_deeponet,41252,50000,1788139867,2026-08-31T10:31:07+09:00
hyper_mscale_deeponet,41285,50000,1788139898,2026-08-31T10:31:38+09:00
hyper_mscale_deeponet,41318,50000,1788139929,2026-08-31T10:32:09+09:00
hyper_mscale_deeponet,41351,50000,1788139960,2026-08-31T10:32:40+09:00
hyper_mscale_deeponet,41384,50000,1788139991,2026-08-31T10:33:11+09:00
hyper_mscale_deeponet,41417,50000,1788140022,2026-08-31T10:33:42+09:00
hyper_mscale_deeponet,41450,50000,1788140053,2026-08-31T10:34:13+09:00
hyper_mscale_deeponet,41483,50000,1788140084,2026-08-31T10:34:44+09:00
hyper_mscale_deeponet,41516,50000,1788140116,2026-08-31T10:35:16+09:00
hyper_mscale_deeponet,41549,50000,1788140147,2026-08-31T10:35:47+09:00
hyper_mscale_deeponet,41582,50000,1788140178,2026-08-31T10:36:18+09:00
hyper_mscale_deeponet,41615,50000,1788140209,2026-08-31T10:36:49+09:00
hyper_mscale_deeponet,41648,50000,1788140240,2026-08-31T10:37:20+09:00
hyper_mscale_deeponet,41682,50000,1788140271,2026-08-31T10:37:51+09:00
hyper_mscale_deeponet,41715,50000,1788140302,2026-08-31T10:38:22+09:00
hyper_mscale_deeponet,41748,50000,1788140333,2026-08-31T10:38:53+09:00
hyper_mscale_deeponet,41781,50000,1788140365,2026-08-31T10:39:25+09:00
hyper_mscale_deeponet,41814,50000,1788140396,2026-08-31T10:39:56+09:00
hyper_mscale_deeponet,41847,50000,1788140427,2026-08-31T10:40:27+09:00
hyper_mscale_deeponet,41880,50000,1788140458,2026-08-31T10:40:58+09:00
hyper_mscale_deeponet,41913,50000,1788140489,2026-08-31T10:41:29+09:00
hyper_mscale_deeponet,41946,50000,1788140520,2026-08-31T10:42:00+09:00
hyper_mscale_deeponet,41979,50000,1788140551,2026-08-31T10:42:31+09:00
hyper_mscale_deeponet,42012,50000,1788140583,2026-08-31T10:43:03+09:00
hyper_mscale_deeponet,42046,50000,1788140614,2026-08-31T10:43:34+09:00
hyper_mscale_deeponet,42079,50000,1788140645,2026-08-31T10:44:05+09:00
hyper_mscale_deeponet,42112,50000,1788140676,2026-08-31T10:44:36+09:00
hyper_mscale_deeponet,42145,50000,1788140707,2026-08-31T10:45:07+09:00
hyper_mscale_deeponet,42178,50000,1788140738,2026-08-31T10:45:38+09:00
hyper_mscale_deeponet,42211,50000,1788140769,2026-08-31T10:46:09+09:00
hyper_mscale_deeponet,42244,50000,1788140801,2026-08-31T10:46:41+09:00
hyper_mscale_deeponet,42277,50000,1788140832,2026-08-31T10:47:12+09:00
hyper_mscale_deeponet,42310,50000,1788140863,2026-08-31T10:47:43+09:00
hyper_mscale_deeponet,42343,50000,1788140894,2026-08-31T10:48:14+09:00
hyper_mscale_deeponet,42377,50000,1788140925,2026-08-31T10:48:45+09:00
hyper_mscale_deeponet,42410,50000,1788140956,2026-08-31T10:49:16+09:00
hyper_mscale_deeponet,42443,50000,1788140987,2026-08-31T10:49:47+09:00
hyper_mscale_deeponet,42476,50000,1788141019,2026-08-31T10:50:19+09:00
hyper_mscale_deeponet,42509,50000,1788141050,2026-08-31T10:50:50+09:00
hyper_mscale_deeponet,42542,50000,1788141081,2026-08-31T10:51:21+09:00
hyper_mscale_deeponet,42575,50000,1788141112,2026-08-31T10:51:52+09:00
hyper_mscale_deeponet,42608,50000,1788141143,2026-08-31T10:52:23+09:00
hyper_mscale_deeponet,42641,50000,1788141174,2026-08-31T10:52:54+09:00
hyper_mscale_deeponet,42674,50000,1788141206,2026-08-31T10:53:26+09:00
hyper_mscale_deeponet,42707,50000,1788141237,2026-08-31T10:53:57+09:00
hyper_mscale_deeponet,42740,50000,1788141268,2026-08-31T10:54:28+09:00
hyper_mscale_deeponet,42773,50000,1788141299,2026-08-31T10:54:59+09:00
hyper_mscale_deeponet,42806,50000,1788141330,2026-08-31T10:55:30+09:00
hyper_mscale_deeponet,42839,50000,1788141361,2026-08-31T10:56:01+09:00
hyper_mscale_deeponet,42872,50000,1788141392,2026-08-31T10:56:32+09:00
hyper_mscale_deeponet,42905,50000,1788141424,2026-08-31T10:57:04+09:00
hyper_mscale_deeponet,42938,50000,1788141455,2026-08-31T10:57:35+09:00
hyper_mscale_deeponet,42971,50000,1788141486,2026-08-31T10:58:06+09:00
hyper_mscale_deeponet,43004,50000,1788141517,2026-08-31T10:58:37+09:00
hyper_mscale_deeponet,43037,50000,1788141548,2026-08-31T10:59:08+09:00
hyper_mscale_deeponet,43070,50000,1788141579,2026-08-31T10:59:39+09:00
hyper_mscale_deeponet,43103,50000,1788141611,2026-08-31T11:00:11+09:00
hyper_mscale_deeponet,43136,50000,1788141642,2026-08-31T11:00:42+09:00
hyper_mscale_deeponet,43169,50000,1788141673,2026-08-31T11:01:13+09:00
hyper_mscale_deeponet,43202,50000,1788141704,2026-08-31T11:01:44+09:00
hyper_mscale_deeponet,43235,50000,1788141735,2026-08-31T11:02:15+09:00
hyper_mscale_deeponet,43268,50000,1788141766,2026-08-31T11:02:46+09:00
hyper_mscale_deeponet,43301,50000,1788141798,2026-08-31T11:03:18+09:00
hyper_mscale_deeponet,43334,50000,1788141829,2026-08-31T11:03:49+09:00
hyper_mscale_deeponet,43367,50000,1788141860,2026-08-31T11:04:20+09:00
hyper_mscale_deeponet,43400,50000,1788141891,2026-08-31T11:04:51+09:00
hyper_mscale_deeponet,43433,50000,1788141922,2026-08-31T11:05:22+09:00
hyper_mscale_deeponet,43466,50000,1788141953,2026-08-31T11:05:53+09:00
hyper_mscale_deeponet,43499,50000,1788141985,2026-08-31T11:06:25+09:00
hyper_mscale_deeponet,43533,50000,1788142016,2026-08-31T11:06:56+09:00
hyper_mscale_deeponet,43566,50000,1788142047,2026-08-31T11:07:27+09:00
hyper_mscale_deeponet,43599,50000,1788142078,2026-08-31T11:07:58+09:00
hyper_mscale_deeponet,43632,50000,1788142109,2026-08-31T11:08:29+09:00
hyper_mscale_deeponet,43665,50000,1788142140,2026-08-31T11:09:00+09:00
hyper_mscale_deeponet,43698,50000,1788142172,2026-08-31T11:09:32+09:00
hyper_mscale_deeponet,43731,50000,1788142203,2026-08-31T11:10:03+09:00
hyper_mscale_deeponet,43764,50000,1788142234,2026-08-31T11:10:34+09:00
hyper_mscale_deeponet,43797,50000,1788142265,2026-08-31T11:11:05+09:00
hyper_mscale_deeponet,43830,50000,1788142296,2026-08-31T11:11:36+09:00
hyper_mscale_deeponet,43863,50000,1788142327,2026-08-31T11:12:07+09:00
hyper_mscale_deeponet,43897,50000,1788142359,2026-08-31T11:12:39+09:00
hyper_mscale_deeponet,43930,50000,1788142390,2026-08-31T11:13:10+09:00
hyper_mscale_deeponet,43963,50000,1788142421,2026-08-31T11:13:41+09:00
hyper_mscale_deeponet,43996,50000,1788142452,2026-08-31T11:14:12+09:00
hyper_mscale_deeponet,44029,50000,1788142483,2026-08-31T11:14:43+09:00
hyper_mscale_deeponet,44062,50000,1788142514,2026-08-31T11:15:14+09:00
hyper_mscale_deeponet,44095,50000,1788142546,2026-08-31T11:15:46+09:00
hyper_mscale_deeponet,44128,50000,1788142577,2026-08-31T11:16:17+09:00
hyper_mscale_deeponet,44161,50000,1788142608,2026-08-31T11:16:48+09:00
hyper_mscale_deeponet,44194,50000,1788142639,2026-08-31T11:17:19+09:00
hyper_mscale_deeponet,44227,50000,1788142670,2026-08-31T11:17:50+09:00
hyper_mscale_deeponet,44261,50000,1788142701,2026-08-31T11:18:21+09:00
hyper_mscale_deeponet,44294,50000,1788142733,2026-08-31T11:18:53+09:00
hyper_mscale_deeponet,44326,50000,1788142764,2026-08-31T11:19:24+09:00
hyper_mscale_deeponet,44359,50000,1788142795,2026-08-31T11:19:55+09:00
hyper_mscale_deeponet,44392,50000,1788142826,2026-08-31T11:20:26+09:00
hyper_mscale_deeponet,44426,50000,1788142857,2026-08-31T11:20:57+09:00
hyper_mscale_deeponet,44459,50000,1788142889,2026-08-31T11:21:29+09:00
hyper_mscale_deeponet,44492,50000,1788142920,2026-08-31T11:22:00+09:00
hyper_mscale_deeponet,44525,50000,1788142951,2026-08-31T11:22:31+09:00
hyper_mscale_deeponet,44558,50000,1788142982,2026-08-31T11:23:02+09:00
hyper_mscale_deeponet,44591,50000,1788143013,2026-08-31T11:23:33+09:00
hyper_mscale_deeponet,44624,50000,1788143045,2026-08-31T11:24:05+09:00
hyper_mscale_deeponet,44657,50000,1788143076,2026-08-31T11:24:36+09:00
hyper_mscale_deeponet,44690,50000,1788143107,2026-08-31T11:25:07+09:00
hyper_mscale_deeponet,44723,50000,1788143138,2026-08-31T11:25:38+09:00
hyper_mscale_deeponet,44756,50000,1788143169,2026-08-31T11:26:09+09:00
hyper_mscale_deeponet,44790,50000,1788143200,2026-08-31T11:26:40+09:00
hyper_mscale_deeponet,44823,50000,1788143232,2026-08-31T11:27:12+09:00
hyper_mscale_deeponet,44856,50000,1788143263,2026-08-31T11:27:43+09:00
hyper_mscale_deeponet,44889,50000,1788143294,2026-08-31T11:28:14+09:00
hyper_mscale_deeponet,44922,50000,1788143325,2026-08-31T11:28:45+09:00
hyper_mscale_deeponet,44955,50000,1788143356,2026-08-31T11:29:16+09:00
hyper_mscale_deeponet,44988,50000,1788143388,2026-08-31T11:29:48+09:00
hyper_mscale_deeponet,45021,50000,1788143419,2026-08-31T11:30:19+09:00
hyper_mscale_deeponet,45054,50000,1788143450,2026-08-31T11:30:50+09:00
hyper_mscale_deeponet,45087,50000,1788143481,2026-08-31T11:31:21+09:00
hyper_mscale_deeponet,45120,50000,1788143512,2026-08-31T11:31:52+09:00
hyper_mscale_deeponet,45154,50000,1788143544,2026-08-31T11:32:24+09:00
hyper_mscale_deeponet,45187,50000,1788143575,2026-08-31T11:32:55+09:00
hyper_mscale_deeponet,45220,50000,1788143606,2026-08-31T11:33:26+09:00
hyper_mscale_deeponet,45253,50000,1788143637,2026-08-31T11:33:57+09:00
hyper_mscale_deeponet,45286,50000,1788143668,2026-08-31T11:34:28+09:00
hyper_mscale_deeponet,45319,50000,1788143699,2026-08-31T11:34:59+09:00
hyper_mscale_deeponet,45352,50000,1788143731,2026-08-31T11:35:31+09:00
hyper_mscale_deeponet,45385,50000,1788143762,2026-08-31T11:36:02+09:00
hyper_mscale_deeponet,45418,50000,1788143793,2026-08-31T11:36:33+09:00
hyper_mscale_deeponet,45451,50000,1788143824,2026-08-31T11:37:04+09:00
hyper_mscale_deeponet,45484,50000,1788143855,2026-08-31T11:37:35+09:00
hyper_mscale_deeponet,45517,50000,1788143887,2026-08-31T11:38:07+09:00
hyper_mscale_deeponet,45550,50000,1788143918,2026-08-31T11:38:38+09:00
hyper_mscale_deeponet,45583,50000,1788143949,2026-08-31T11:39:09+09:00
hyper_mscale_deeponet,45616,50000,1788143980,2026-08-31T11:39:40+09:00
hyper_mscale_deeponet,45650,50000,1788144011,2026-08-31T11:40:11+09:00
hyper_mscale_deeponet,45683,50000,1788144043,2026-08-31T11:40:43+09:00
hyper_mscale_deeponet,45716,50000,1788144074,2026-08-31T11:41:14+09:00
hyper_mscale_deeponet,45749,50000,1788144105,2026-08-31T11:41:45+09:00
hyper_mscale_deeponet,45782,50000,1788144136,2026-08-31T11:42:16+09:00
hyper_mscale_deeponet,45815,50000,1788144167,2026-08-31T11:42:47+09:00
hyper_mscale_deeponet,45848,50000,1788144199,2026-08-31T11:43:19+09:00
hyper_mscale_deeponet,45881,50000,1788144230,2026-08-31T11:43:50+09:00
hyper_mscale_deeponet,45914,50000,1788144261,2026-08-31T11:44:21+09:00
hyper_mscale_deeponet,45948,50000,1788144292,2026-08-31T11:44:52+09:00
hyper_mscale_deeponet,45981,50000,1788144323,2026-08-31T11:45:23+09:00
hyper_mscale_deeponet,46014,50000,1788144355,2026-08-31T11:45:55+09:00
hyper_mscale_deeponet,46047,50000,1788144386,2026-08-31T11:46:26+09:00
hyper_mscale_deeponet,46080,50000,1788144417,2026-08-31T11:46:57+09:00
hyper_mscale_deeponet,46113,50000,1788144448,2026-08-31T11:47:28+09:00
hyper_mscale_deeponet,46147,50000,1788144479,2026-08-31T11:47:59+09:00
hyper_mscale_deeponet,46180,50000,1788144511,2026-08-31T11:48:31+09:00
hyper_mscale_deeponet,46213,50000,1788144542,2026-08-31T11:49:02+09:00
hyper_mscale_deeponet,46246,50000,1788144573,2026-08-31T11:49:33+09:00
hyper_mscale_deeponet,46279,50000,1788144604,2026-08-31T11:50:04+09:00
hyper_mscale_deeponet,46313,50000,1788144635,2026-08-31T11:50:35+09:00
hyper_mscale_deeponet,46346,50000,1788144667,2026-08-31T11:51:07+09:00
hyper_mscale_deeponet,46379,50000,1788144698,2026-08-31T11:51:38+09:00
hyper_mscale_deeponet,46412,50000,1788144729,2026-08-31T11:52:09+09:00
hyper_mscale_deeponet,46445,50000,1788144760,2026-08-31T11:52:40+09:00
hyper_mscale_deeponet,46479,50000,1788144791,2026-08-31T11:53:11+09:00
hyper_mscale_deeponet,46512,50000,1788144823,2026-08-31T11:53:43+09:00
hyper_mscale_deeponet,46545,50000,1788144854,2026-08-31T11:54:14+09:00
hyper_mscale_deeponet,46578,50000,1788144885,2026-08-31T11:54:45+09:00
hyper_mscale_deeponet,46611,50000,1788144916,2026-08-31T11:55:16+09:00
hyper_mscale_deeponet,46644,50000,1788144947,2026-08-31T11:55:47+09:00
hyper_mscale_deeponet,46677,50000,1788144979,2026-08-31T11:56:19+09:00
hyper_mscale_deeponet,46710,50000,1788145010,2026-08-31T11:56:50+09:00
hyper_mscale_deeponet,46743,50000,1788145041,2026-08-31T11:57:21+09:00
hyper_mscale_deeponet,46777,50000,1788145072,2026-08-31T11:57:52+09:00
hyper_mscale_deeponet,46810,50000,1788145103,2026-08-31T11:58:23+09:00
hyper_mscale_deeponet,46843,50000,1788145135,2026-08-31T11:58:55+09:00
hyper_mscale_deeponet,46876,50000,1788145166,2026-08-31T11:59:26+09:00
hyper_mscale_deeponet,46910,50000,1788145197,2026-08-31T11:59:57+09:00
hyper_mscale_deeponet,46943,50000,1788145228,2026-08-31T12:00:28+09:00
hyper_mscale_deeponet,46976,50000,1788145260,2026-08-31T12:01:00+09:00
hyper_mscale_deeponet,47009,50000,1788145291,2026-08-31T12:01:31+09:00
hyper_mscale_deeponet,47042,50000,1788145322,2026-08-31T12:02:02+09:00
hyper_mscale_deeponet,47075,50000,1788145353,2026-08-31T12:02:33+09:00
hyper_mscale_deeponet,47108,50000,1788145384,2026-08-31T12:03:04+09:00
hyper_mscale_deeponet,47142,50000,1788145416,2026-08-31T12:03:36+09:00
hyper_mscale_deeponet,47175,50000,1788145447,2026-08-31T12:04:07+09:00
hyper_mscale_deeponet,47208,50000,1788145478,2026-08-31T12:04:38+09:00
hyper_mscale_deeponet,47241,50000,1788145509,2026-08-31T12:05:09+09:00
hyper_mscale_deeponet,47274,50000,1788145540,2026-08-31T12:05:40+09:00
hyper_mscale_deeponet,47308,50000,1788145572,2026-08-31T12:06:12+09:00
hyper_mscale_deeponet,47341,50000,1788145603,2026-08-31T12:06:43+09:00
hyper_mscale_deeponet,47374,50000,1788145634,2026-08-31T12:07:14+09:00
hyper_mscale_deeponet,47407,50000,1788145665,2026-08-31T12:07:45+09:00
hyper_mscale_deeponet,47440,50000,1788145697,2026-08-31T12:08:17+09:00
hyper_mscale_deeponet,47473,50000,1788145728,2026-08-31T12:08:48+09:00
hyper_mscale_deeponet,47506,50000,1788145759,2026-08-31T12:09:19+09:00
hyper_mscale_deeponet,47539,50000,1788145790,2026-08-31T12:09:50+09:00
hyper_mscale_deeponet,47573,50000,1788145821,2026-08-31T12:10:21+09:00
hyper_mscale_deeponet,47606,50000,1788145853,2026-08-31T12:10:53+09:00
hyper_mscale_deeponet,47639,50000,1788145884,2026-08-31T12:11:24+09:00
hyper_mscale_deeponet,47672,50000,1788145915,2026-08-31T12:11:55+09:00
hyper_mscale_deeponet,47705,50000,1788145946,2026-08-31T12:12:26+09:00
hyper_mscale_deeponet,47738,50000,1788145978,2026-08-31T12:12:58+09:00
hyper_mscale_deeponet,47771,50000,1788146009,2026-08-31T12:13:29+09:00
hyper_mscale_deeponet,47805,50000,1788146040,2026-08-31T12:14:00+09:00
hyper_mscale_deeponet,47838,50000,1788146071,2026-08-31T12:14:31+09:00
hyper_mscale_deeponet,47871,50000,1788146102,2026-08-31T12:15:02+09:00
hyper_mscale_deeponet,47904,50000,1788146134,2026-08-31T12:15:34+09:00
hyper_mscale_deeponet,47937,50000,1788146165,2026-08-31T12:16:05+09:00
hyper_mscale_deeponet,47970,50000,1788146196,2026-08-31T12:16:36+09:00
hyper_mscale_deeponet,48003,50000,1788146227,2026-08-31T12:17:07+09:00
hyper_mscale_deeponet,48036,50000,1788146259,2026-08-31T12:17:39+09:00
hyper_mscale_deeponet,48069,50000,1788146290,2026-08-31T12:18:10+09:00
hyper_mscale_deeponet,48103,50000,1788146321,2026-08-31T12:18:41+09:00
hyper_mscale_deeponet,48136,50000,1788146352,2026-08-31T12:19:12+09:00
hyper_mscale_deeponet,48169,50000,1788146384,2026-08-31T12:19:44+09:00
hyper_mscale_deeponet,48202,50000,1788146415,2026-08-31T12:20:15+09:00
hyper_mscale_deeponet,48235,50000,1788146446,2026-08-31T12:20:46+09:00
hyper_mscale_deeponet,48268,50000,1788146477,2026-08-31T12:21:17+09:00
hyper_mscale_deeponet,48302,50000,1788146509,2026-08-31T12:21:49+09:00
hyper_mscale_deeponet,48335,50000,1788146540,2026-08-31T12:22:20+09:00
hyper_mscale_deeponet,48368,50000,1788146571,2026-08-31T12:22:51+09:00
hyper_mscale_deeponet,48401,50000,1788146602,2026-08-31T12:23:22+09:00
hyper_mscale_deeponet,48434,50000,1788146634,2026-08-31T12:23:54+09:00
hyper_mscale_deeponet,48468,50000,1788146665,2026-08-31T12:24:25+09:00
hyper_mscale_deeponet,48501,50000,1788146696,2026-08-31T12:24:56+09:00
hyper_mscale_deeponet,48534,50000,1788146728,2026-08-31T12:25:28+09:00
hyper_mscale_deeponet,48567,50000,1788146759,2026-08-31T12:25:59+09:00
hyper_mscale_deeponet,48600,50000,1788146790,2026-08-31T12:26:30+09:00
hyper_mscale_deeponet,48634,50000,1788146821,2026-08-31T12:27:01+09:00
hyper_mscale_deeponet,48667,50000,1788146853,2026-08-31T12:27:33+09:00
hyper_mscale_deeponet,48700,50000,1788146884,2026-08-31T12:28:04+09:00
hyper_mscale_deeponet,48733,50000,1788146915,2026-08-31T12:28:35+09:00
hyper_mscale_deeponet,48766,50000,1788146946,2026-08-31T12:29:06+09:00
hyper_mscale_deeponet,48799,50000,1788146978,2026-08-31T12:29:38+09:00
hyper_mscale_deeponet,48833,50000,1788147009,2026-08-31T12:30:09+09:00
hyper_mscale_deeponet,48866,50000,1788147040,2026-08-31T12:30:40+09:00
hyper_mscale_deeponet,48899,50000,1788147072,2026-08-31T12:31:12+09:00
hyper_mscale_deeponet,48932,50000,1788147103,2026-08-31T12:31:43+09:00
hyper_mscale_deeponet,48965,50000,1788147134,2026-08-31T12:32:14+09:00
hyper_mscale_deeponet,48998,50000,1788147165,2026-08-31T12:32:45+09:00
hyper_mscale_deeponet,49031,50000,1788147197,2026-08-31T12:33:17+09:00
hyper_mscale_deeponet,49065,50000,1788147228,2026-08-31T12:33:48+09:00
hyper_mscale_deeponet,49098,50000,1788147259,2026-08-31T12:34:19+09:00
hyper_mscale_deeponet,49131,50000,1788147291,2026-08-31T12:34:51+09:00
hyper_mscale_deeponet,49164,50000,1788147322,2026-08-31T12:35:22+09:00
hyper_mscale_deeponet,49197,50000,1788147353,2026-08-31T12:35:53+09:00
hyper_mscale_deeponet,49231,50000,1788147384,2026-08-31T12:36:24+09:00
hyper_mscale_deeponet,49264,50000,1788147416,2026-08-31T12:36:56+09:00
hyper_mscale_deeponet,49297,50000,1788147447,2026-08-31T12:37:27+09:00
hyper_mscale_deeponet,49330,50000,1788147478,2026-08-31T12:37:58+09:00
hyper_mscale_deeponet,49363,50000,1788147510,2026-08-31T12:38:30+09:00
hyper_mscale_deeponet,49397,50000,1788147541,2026-08-31T12:39:01+09:00
hyper_mscale_deeponet,49430,50000,1788147572,2026-08-31T12:39:32+09:00
hyper_mscale_deeponet,49463,50000,1788147604,2026-08-31T12:40:04+09:00
hyper_mscale_deeponet,49496,50000,1788147635,2026-08-31T12:40:35+09:00
hyper_mscale_deeponet,49529,50000,1788147666,2026-08-31T12:41:06+09:00
hyper_mscale_deeponet,49562,50000,1788147698,2026-08-31T12:41:38+09:00
hyper_mscale_deeponet,49596,50000,1788147729,2026-08-31T12:42:09+09:00
hyper_mscale_deeponet,49629,50000,1788147760,2026-08-31T12:42:40+09:00
hyper_mscale_deeponet,49662,50000,1788147791,2026-08-31T12:43:11+09:00
hyper_mscale_deeponet,49695,50000,1788147823,2026-08-31T12:43:43+09:00
hyper_mscale_deeponet,49728,50000,1788147854,2026-08-31T12:44:14+09:00
hyper_mscale_deeponet,49762,50000,1788147885,2026-08-31T12:44:45+09:00
hyper_mscale_deeponet,49795,50000,1788147917,2026-08-31T12:45:17+09:00
hyper_mscale_deeponet,49828,50000,1788147948,2026-08-31T12:45:48+09:00
hyper_mscale_deeponet,49861,50000,1788147979,2026-08-31T12:46:19+09:00
hyper_mscale_deeponet,49894,50000,1788148011,2026-08-31T12:46:51+09:00
hyper_mscale_deeponet,49927,50000,1788148042,2026-08-31T12:47:22+09:00
hyper_mscale_deeponet,49961,50000,1788148073,2026-08-31T12:47:53+09:00
hyper_mscale_deeponet,49994,50000,1788148104,2026-08-31T12:48:24+09:00
